config,arch,pretrained,augment,freeze_backbone,image,params_m,n,mae,rmse,bias,medae,within_10,within_20,r2,zone_acc,mae_ge103,bias_ge103,eol_n,eol_recall,eol_precision,fold_mae_std,fold_mae_max
A-small_cnn,small_cnn,False,True,False,224x672,0.25,352,30.49,42.4,-4.46,25.11,23.3,40.9,0.246,62.5,38.95,-27.13,47,34.0,37.2,6.78,41.52
A-resnet18,resnet18,True,True,False,224x672,11.18,352,22.44,30.96,-3.28,17.44,32.7,55.7,0.598,69.6,30.47,-19.82,47,51.1,61.5,5.9,29.79
A-yolov8n_cls,yolov8n_cls,True,True,False,224x672,1.44,352,27.65,37.03,-3.68,22.06,21.6,44.3,0.425,66.8,35.75,-22.96,47,48.9,63.9,6.51,35.62
B-no_augment,resnet18,True,False,False,224x672,11.18,352,22.23,32.06,-1.16,16.02,36.9,58.0,0.569,69.9,29.27,-20.21,47,44.7,60.0,6.55,31.6
B-no_pretrain,resnet18,False,True,False,224x672,11.18,352,29.25,43.38,-3.9,21.34,26.7,48.0,0.21,64.2,37.53,-27.61,47,27.7,31.0,6.42,38.55
B-frozen_backbone,resnet18,True,True,True,224x672,11.18,352,23.97,36.43,-2.16,18.32,29.3,54.0,0.443,69.6,29.61,-21.79,47,23.4,57.9,9.92,41.55
B-square_224,resnet18,True,True,False,224x224,11.18,352,24.96,33.81,-2.51,20.59,23.9,48.9,0.52,68.2,33.35,-20.31,47,51.1,60.0,7.21,32.11
C-resnet18_avgmax,resnet18_avgmax,True,True,False,224x672,11.18,352,25.59,36.04,-6.63,19.4,25.9,52.0,0.455,69.6,34.47,-24.26,47,36.2,56.7,8.9,38.31
C-resnet18_avgmax_288,resnet18_avgmax,True,True,False,288x864,11.18,352,27.53,39.18,-7.69,20.74,26.7,49.1,0.356,65.3,37.94,-29.05,47,21.3,45.5,7.96,38.92
C-resnet18_ema,resnet18,True,True,False,224x672,11.18,352,22.02,30.49,-4.21,17.11,33.8,55.1,0.61,69.9,30.17,-20.92,47,48.9,60.5,5.96,30.38
