epoch,train_loss,sec,val_loss,val_mae
1,0.11045128893521097,1.53,0.11451411992311478,67.25706076826368
2,0.0766711611714628,1.59,0.05146284028887749,35.05411038867065
3,0.08358667294184367,1.51,0.026624411344528198,21.193367248858724
4,0.08322831533021396,1.51,0.0218304805457592,18.67580275776131
5,0.06303427575363053,1.51,0.022410837933421135,19.69397837851729
6,0.04758049278623528,1.6,0.014749369584023952,15.20219602244241
7,0.04526212945994404,1.5,0.015080862678587437,14.317433609281267
8,0.04381883403079377,1.5,0.01820080354809761,16.37824991362435
9,0.035220231343474656,1.52,0.01759924553334713,16.08735563141959
10,0.028420668250570696,1.51,0.022008882835507393,18.377993391581946
11,0.026021781067053478,1.59,0.02511301264166832,20.145720980507985
12,0.02677070659895738,1.52,0.0291451308876276,22.79001104899815
13,0.025818113030658826,1.51,0.025555917993187904,20.94623565128871
14,0.034227841430240206,1.52,0.03162132576107979,24.840513619014192
15,0.02342755099137624,1.51,0.035042282193899155,26.835579648699078
16,0.026956413510358997,1.61,0.038332898169755936,28.640108361925396
17,0.020184789680772357,1.52,0.036368969827890396,27.532149023328508
18,0.02231326802737183,1.52,0.032822635024785995,25.413366979871476
19,0.01875271681799657,1.52,0.033884380012750626,26.061972599029538
20,0.022028796167837247,1.52,0.035570237785577774,27.107224581582205
21,0.018439400889393356,1.59,0.032985858619213104,25.785127416338238
22,0.017882824306272797,1.5,0.03134813904762268,24.871317776271272
23,0.015389626923327645,1.52,0.034965019673109055,26.822893259865896
24,0.016332854827245075,1.52,0.0373019240796566,28.056496260506766
25,0.018063957078589335,1.52,0.03476177901029587,26.56017907823835
26,0.014588049949250288,1.5,0.03592941164970398,27.089507288251603
27,0.015499700222992234,1.52,0.037645671516656876,27.957503435952322
28,0.016562723425320454,1.51,0.03916123881936073,28.781139763423372
29,0.011933972075995471,1.51,0.03887031599879265,28.58978371756417
30,0.01592072741025024,1.51,0.038862161338329315,28.546934381212505
