config,fold,id,tool,run,blade,vb_true,vb_pred
C-resnet18_ema,1,T1R2B1,1,2,1,34.89,61.496956
C-resnet18_ema,1,T1R2B2,1,2,2,52.5,35.235744
C-resnet18_ema,1,T1R2B3,1,2,3,52.76,43.14106
C-resnet18_ema,1,T1R2B4,1,2,4,44.5,30.412441
C-resnet18_ema,1,T1R3B1,1,3,1,39.9,52.133595
C-resnet18_ema,1,T1R3B2,1,3,2,60.17,41.789627
C-resnet18_ema,1,T1R3B3,1,3,3,55.71,47.370625
C-resnet18_ema,1,T1R3B4,1,3,4,49.43,42.6489
C-resnet18_ema,1,T1R4B1,1,4,1,55.07,44.294674
C-resnet18_ema,1,T1R4B2,1,4,2,62.96,45.070724
C-resnet18_ema,1,T1R4B3,1,4,3,73.87,54.415466
C-resnet18_ema,1,T1R4B4,1,4,4,63.93,55.185627
C-resnet18_ema,1,T1R5B1,1,5,1,66.79,56.836277
C-resnet18_ema,1,T1R5B2,1,5,2,64.39,63.498314
C-resnet18_ema,1,T1R5B3,1,5,3,78.2,75.924095
C-resnet18_ema,1,T1R5B4,1,5,4,72.43,60.812717
C-resnet18_ema,1,T1R6B1,1,6,1,72.7,66.42179
C-resnet18_ema,1,T1R6B2,1,6,2,69.9,65.04192
C-resnet18_ema,1,T1R6B3,1,6,3,85.18,82.8147
C-resnet18_ema,1,T1R6B4,1,6,4,78.11,77.57737
C-resnet18_ema,1,T1R7B1,1,7,1,74.94,70.285286
C-resnet18_ema,1,T1R7B2,1,7,2,81.86,73.607925
C-resnet18_ema,1,T1R7B3,1,7,3,88.48,84.562996
C-resnet18_ema,1,T1R7B4,1,7,4,85.41,64.84402
C-resnet18_ema,1,T1R8B1,1,8,1,75.92,77.73649
C-resnet18_ema,1,T1R8B2,1,8,2,97.17,84.67379
C-resnet18_ema,1,T1R8B3,1,8,3,95.96,81.663315
C-resnet18_ema,1,T1R8B4,1,8,4,110.81,72.24642
C-resnet18_ema,1,T1R9B1,1,9,1,102.15,87.05429
C-resnet18_ema,1,T1R9B2,1,9,2,109.34,83.14888
C-resnet18_ema,1,T1R9B3,1,9,3,118.61,72.65712
C-resnet18_ema,1,T1R9B4,1,9,4,118.03,70.86488
C-resnet18_ema,1,T1R10B1,1,10,1,122.4,99.31173
C-resnet18_ema,1,T1R10B2,1,10,2,127.92,104.43013
C-resnet18_ema,1,T1R10B3,1,10,3,123.61,100.353455
C-resnet18_ema,1,T1R10B4,1,10,4,121.19,97.16342
C-resnet18_ema,1,T1R11B1,1,11,1,139.58,109.47613
C-resnet18_ema,1,T1R11B2,1,11,2,136.69,87.12155
C-resnet18_ema,1,T1R11B3,1,11,3,147.84,97.49841
C-resnet18_ema,1,T1R11B4,1,11,4,124.31,110.35949
C-resnet18_ema,2,T2R1B1,2,1,1,23.13,49.978077
C-resnet18_ema,2,T2R1B2,2,1,2,24.99,44.684517
C-resnet18_ema,2,T2R1B3,2,1,3,33.33,47.25725
C-resnet18_ema,2,T2R1B4,2,1,4,31.57,40.991898
C-resnet18_ema,2,T2R2B1,2,2,1,30.72,158.75945
C-resnet18_ema,2,T2R2B2,2,2,2,32.43,84.57975
C-resnet18_ema,2,T2R2B3,2,2,3,45.13,91.00264
C-resnet18_ema,2,T2R2B4,2,2,4,35.41,79.63164
C-resnet18_ema,2,T2R3B1,2,3,1,33.85,115.20153
C-resnet18_ema,2,T2R3B2,2,3,2,42.84,108.60032
C-resnet18_ema,2,T2R3B3,2,3,3,50.62,84.93951
C-resnet18_ema,2,T2R3B4,2,3,4,61.66,77.49135
C-resnet18_ema,2,T2R4B1,2,4,1,57.09,61.305588
C-resnet18_ema,2,T2R4B2,2,4,2,60.89,78.27904
C-resnet18_ema,2,T2R4B3,2,4,3,60.22,48.41491
C-resnet18_ema,2,T2R4B4,2,4,4,63.85,72.065475
C-resnet18_ema,2,T2R5B1,2,5,1,65.2,73.43431
C-resnet18_ema,2,T2R5B2,2,5,2,67.92,81.246796
C-resnet18_ema,2,T2R5B3,2,5,3,72.47,79.59523
C-resnet18_ema,2,T2R5B4,2,5,4,67.77,73.27204
C-resnet18_ema,2,T2R6B1,2,6,1,76.01,77.13838
C-resnet18_ema,2,T2R6B2,2,6,2,79.28,80.98803
C-resnet18_ema,2,T2R6B3,2,6,3,81.07,80.66564
C-resnet18_ema,2,T2R6B4,2,6,4,82.5,80.01225
C-resnet18_ema,2,T2R7B1,2,7,1,81.63,70.57308
C-resnet18_ema,2,T2R7B2,2,7,2,90.49,77.14345
C-resnet18_ema,2,T2R7B3,2,7,3,86.95,80.25393
C-resnet18_ema,2,T2R7B4,2,7,4,85.57,84.646484
C-resnet18_ema,2,T2R8B1,2,8,1,86.76,62.198746
C-resnet18_ema,2,T2R8B2,2,8,2,91.57,87.62527
C-resnet18_ema,2,T2R8B3,2,8,3,91.23,77.52122
C-resnet18_ema,2,T2R8B4,2,8,4,94.61,61.862194
C-resnet18_ema,2,T2R9B1,2,9,1,91.91,100.82198
C-resnet18_ema,2,T2R9B2,2,9,2,92.17,84.979965
C-resnet18_ema,2,T2R9B3,2,9,3,95.06,90.058395
C-resnet18_ema,2,T2R9B4,2,9,4,96.54,97.195564
C-resnet18_ema,2,T2R11B1,2,11,1,109.66,98.54719
C-resnet18_ema,2,T2R11B2,2,11,2,107.11,99.04582
C-resnet18_ema,2,T2R11B3,2,11,3,103.62,81.50376
C-resnet18_ema,2,T2R11B4,2,11,4,112.3,95.97978
C-resnet18_ema,2,T2R12B1,2,12,1,112.75,93.589745
C-resnet18_ema,2,T2R12B2,2,12,2,116.69,114.752945
C-resnet18_ema,2,T2R12B3,2,12,3,106.86,108.522736
C-resnet18_ema,2,T2R12B4,2,12,4,117.87,88.682755
C-resnet18_ema,2,T2R13B1,2,13,1,117.12,117.85912
C-resnet18_ema,2,T2R13B2,2,13,2,145.06,109.59479
C-resnet18_ema,2,T2R13B3,2,13,3,132.72,132.63033
C-resnet18_ema,2,T2R13B4,2,13,4,122.59,134.41673
C-resnet18_ema,2,T2R14B1,2,14,1,125.88,143.32205
C-resnet18_ema,2,T2R14B2,2,14,2,147.16,146.37943
C-resnet18_ema,2,T2R14B3,2,14,3,140.86,132.06398
C-resnet18_ema,2,T2R14B4,2,14,4,141.62,138.30496
C-resnet18_ema,2,T2R15B1,2,15,1,129.06,156.53096
C-resnet18_ema,2,T2R15B2,2,15,2,174.56,171.99167
C-resnet18_ema,2,T2R15B3,2,15,3,142.84,154.493
C-resnet18_ema,2,T2R15B4,2,15,4,158.19,180.9157
C-resnet18_ema,3,T3R1B1,3,1,1,27.58,36.4204
C-resnet18_ema,3,T3R1B2,3,1,2,30.11,45.14094
C-resnet18_ema,3,T3R1B3,3,1,3,34.81,39.704807
C-resnet18_ema,3,T3R1B4,3,1,4,33.74,31.528854
C-resnet18_ema,3,T3R2B1,3,2,1,41.69,53.16038
C-resnet18_ema,3,T3R2B2,3,2,2,33.29,42.121284
C-resnet18_ema,3,T3R2B3,3,2,3,43.8,42.08038
C-resnet18_ema,3,T3R2B4,3,2,4,43.04,63.81216
C-resnet18_ema,3,T3R3B1,3,3,1,46.49,69.55691
C-resnet18_ema,3,T3R3B2,3,3,2,45.83,54.207367
C-resnet18_ema,3,T3R3B3,3,3,3,68.47,65.26621
C-resnet18_ema,3,T3R3B4,3,3,4,55.99,75.54551
C-resnet18_ema,3,T3R4B1,3,4,1,56.79,80.32483
C-resnet18_ema,3,T3R4B2,3,4,2,55.63,58.455914
C-resnet18_ema,3,T3R4B3,3,4,3,69.35,67.69319
C-resnet18_ema,3,T3R4B4,3,4,4,61.8,99.16327
C-resnet18_ema,3,T3R5B1,3,5,1,97.68,92.18033
C-resnet18_ema,3,T3R5B2,3,5,2,74.35,75.965225
C-resnet18_ema,3,T3R5B3,3,5,3,86.06,80.421265
C-resnet18_ema,3,T3R5B4,3,5,4,113.03,108.53494
C-resnet18_ema,3,T3R6B1,3,6,1,115.64,110.90067
C-resnet18_ema,3,T3R6B2,3,6,2,78.12,80.44315
C-resnet18_ema,3,T3R6B3,3,6,3,91.83,86.66652
C-resnet18_ema,3,T3R6B4,3,6,4,127.16,106.71085
C-resnet18_ema,3,T3R7B1,3,7,1,117.34,121.31776
C-resnet18_ema,3,T3R7B2,3,7,2,81.45,78.3997
C-resnet18_ema,3,T3R7B3,3,7,3,107.15,103.009865
C-resnet18_ema,3,T3R7B4,3,7,4,136.31,118.17087
C-resnet18_ema,3,T3R8B1,3,8,1,124.15,114.901566
C-resnet18_ema,3,T3R8B2,3,8,2,84.6,86.068954
C-resnet18_ema,3,T3R8B3,3,8,3,108.82,103.3013
C-resnet18_ema,3,T3R8B4,3,8,4,136.47,119.52129
C-resnet18_ema,3,T3R9B1,3,9,1,126.17,111.07656
C-resnet18_ema,3,T3R9B2,3,9,2,99.27,87.72433
C-resnet18_ema,3,T3R9B3,3,9,3,109.04,102.8549
C-resnet18_ema,3,T3R9B4,3,9,4,139.06,109.381195
C-resnet18_ema,3,T3R10B1,3,10,1,128.39,109.73103
C-resnet18_ema,3,T3R10B2,3,10,2,103.19,81.895584
C-resnet18_ema,3,T3R10B3,3,10,3,119.72,97.84202
C-resnet18_ema,3,T3R10B4,3,10,4,148.43,124.16431
C-resnet18_ema,3,T3R11B1,3,11,1,131.72,96.71674
C-resnet18_ema,3,T3R11B2,3,11,2,120.64,86.57529
C-resnet18_ema,3,T3R11B3,3,11,3,147.39,119.98682
C-resnet18_ema,3,T3R11B4,3,11,4,150.04,120.21063
C-resnet18_ema,3,T3R12B1,3,12,1,135.16,107.7886
C-resnet18_ema,3,T3R12B2,3,12,2,124.81,97.27167
C-resnet18_ema,3,T3R12B3,3,12,3,150.37,113.12633
C-resnet18_ema,3,T3R12B4,3,12,4,159.77,135.60239
C-resnet18_ema,3,T3R13B1,3,13,1,160.44,158.22565
C-resnet18_ema,3,T3R13B2,3,13,2,154.77,131.98322
C-resnet18_ema,3,T3R13B3,3,13,3,162.96,134.67943
C-resnet18_ema,3,T3R13B4,3,13,4,170.07,139.39453
C-resnet18_ema,4,T4R1B1,4,1,1,39.05,49.44937
C-resnet18_ema,4,T4R1B2,4,1,2,43.66,41.65164
C-resnet18_ema,4,T4R1B3,4,1,3,47.85,47.460876
C-resnet18_ema,4,T4R1B4,4,1,4,56.29,59.022404
C-resnet18_ema,4,T4R2B1,4,2,1,41.4,36.29127
C-resnet18_ema,4,T4R2B2,4,2,2,44.01,34.246593
C-resnet18_ema,4,T4R2B3,4,2,3,54.24,35.671486
C-resnet18_ema,4,T4R2B4,4,2,4,58.22,57.215816
C-resnet18_ema,4,T4R3B1,4,3,1,45.55,30.481905
C-resnet18_ema,4,T4R3B2,4,3,2,50.03,40.554733
C-resnet18_ema,4,T4R3B3,4,3,3,58.57,33.993332
C-resnet18_ema,4,T4R3B4,4,3,4,66.11,63.867706
C-resnet18_ema,4,T4R4B1,4,4,1,48.98,39.95461
C-resnet18_ema,4,T4R4B2,4,4,2,59.84,39.01143
C-resnet18_ema,4,T4R4B3,4,4,3,68.26,44.706535
C-resnet18_ema,4,T4R4B4,4,4,4,84.8,59.223038
C-resnet18_ema,4,T4R5B1,4,5,1,56.72,44.48311
C-resnet18_ema,4,T4R5B2,4,5,2,64.35,50.359272
C-resnet18_ema,4,T4R5B3,4,5,3,79.89,48.527073
C-resnet18_ema,4,T4R5B4,4,5,4,94.12,64.68913
C-resnet18_ema,4,T4R10B1,4,10,1,104.52,60.432346
C-resnet18_ema,4,T4R10B2,4,10,2,112.62,56.084312
C-resnet18_ema,4,T4R10B3,4,10,3,121.26,72.80554
C-resnet18_ema,4,T4R10B4,4,10,4,123.38,93.36281
C-resnet18_ema,4,T4R11B1,4,11,1,110.22,74.08636
C-resnet18_ema,4,T4R11B2,4,11,2,116.54,61.967762
C-resnet18_ema,4,T4R11B3,4,11,3,124.45,81.39055
C-resnet18_ema,4,T4R11B4,4,11,4,127.38,89.48158
C-resnet18_ema,4,T4R12B1,4,12,1,116.78,68.260086
C-resnet18_ema,4,T4R12B2,4,12,2,120.16,66.880875
C-resnet18_ema,4,T4R12B3,4,12,3,131.37,94.76889
C-resnet18_ema,4,T4R12B4,4,12,4,136.51,80.29297
C-resnet18_ema,4,T4R13B1,4,13,1,139.27,81.83159
C-resnet18_ema,4,T4R13B2,4,13,2,145.45,99.68305
C-resnet18_ema,4,T4R13B3,4,13,3,164.1,119.454216
C-resnet18_ema,4,T4R13B4,4,13,4,161.09,121.48764
C-resnet18_ema,4,T4R14B1,4,14,1,146.06,121.74473
C-resnet18_ema,4,T4R14B2,4,14,2,193.18,146.53026
C-resnet18_ema,4,T4R14B3,4,14,3,197.59,150.08455
C-resnet18_ema,4,T4R14B4,4,14,4,253.62,157.22844
C-resnet18_ema,5,T5R1B1,5,1,1,22.55,38.069374
C-resnet18_ema,5,T5R1B2,5,1,2,23.19,44.3852
C-resnet18_ema,5,T5R1B3,5,1,3,32.11,44.32318
C-resnet18_ema,5,T5R1B4,5,1,4,37.74,42.67075
C-resnet18_ema,5,T5R2B1,5,2,1,45.62,40.094875
C-resnet18_ema,5,T5R2B2,5,2,2,40.08,33.168304
C-resnet18_ema,5,T5R2B3,5,2,3,51.78,47.254036
C-resnet18_ema,5,T5R2B4,5,2,4,55.23,50.31848
C-resnet18_ema,5,T5R3B1,5,3,1,74.49,57.95782
C-resnet18_ema,5,T5R3B2,5,3,2,52.29,51.422127
C-resnet18_ema,5,T5R3B3,5,3,3,90.62,86.69443
C-resnet18_ema,5,T5R3B4,5,3,4,97.89,85.55525
C-resnet18_ema,5,T5R4B1,5,4,1,81.69,70.673164
C-resnet18_ema,5,T5R4B2,5,4,2,61.23,58.98729
C-resnet18_ema,5,T5R4B3,5,4,3,107.95,91.00023
C-resnet18_ema,5,T5R4B4,5,4,4,121.2,101.92793
C-resnet18_ema,5,T5R5B1,5,5,1,100.84,97.63819
C-resnet18_ema,5,T5R5B2,5,5,2,73.04,65.89721
C-resnet18_ema,5,T5R5B3,5,5,3,114.2,105.16132
C-resnet18_ema,5,T5R5B4,5,5,4,133.51,116.986725
C-resnet18_ema,5,T5R6B1,5,6,1,115.71,105.23533
C-resnet18_ema,5,T5R6B2,5,6,2,75.35,65.65008
C-resnet18_ema,5,T5R6B3,5,6,3,121.09,100.14187
C-resnet18_ema,5,T5R6B4,5,6,4,138.26,134.85135
C-resnet18_ema,5,T5R7B1,5,7,1,116.92,117.10122
C-resnet18_ema,5,T5R7B2,5,7,2,76.26,89.11273
C-resnet18_ema,5,T5R7B3,5,7,3,141.22,119.050804
C-resnet18_ema,5,T5R7B4,5,7,4,150.95,125.21082
C-resnet18_ema,5,T5R8B1,5,8,1,119.92,146.21695
C-resnet18_ema,5,T5R8B2,5,8,2,98.06,118.34922
C-resnet18_ema,5,T5R8B3,5,8,3,150.49,116.27305
C-resnet18_ema,5,T5R8B4,5,8,4,153.27,138.86456
C-resnet18_ema,5,T5R9B1,5,9,1,133.19,127.59048
C-resnet18_ema,5,T5R9B2,5,9,2,132.72,153.14789
C-resnet18_ema,5,T5R9B3,5,9,3,169.84,183.13536
C-resnet18_ema,5,T5R9B4,5,9,4,195.86,164.90677
C-resnet18_ema,5,T5R10B1,5,10,1,142.44,192.08781
C-resnet18_ema,5,T5R10B2,5,10,2,139.7,153.5496
C-resnet18_ema,5,T5R10B3,5,10,3,204.57,184.13979
C-resnet18_ema,5,T5R10B4,5,10,4,213.1,169.63858
C-resnet18_ema,5,T5R11B1,5,11,1,173.89,191.76431
C-resnet18_ema,5,T5R11B2,5,11,2,169.13,166.86583
C-resnet18_ema,5,T5R11B3,5,11,3,269.78,198.45525
C-resnet18_ema,5,T5R11B4,5,11,4,227.33,164.84679
C-resnet18_ema,5,T5R12B1,5,12,1,334.39,206.08098
C-resnet18_ema,5,T5R12B2,5,12,2,212.01,183.54094
C-resnet18_ema,5,T5R12B3,5,12,3,346.66,185.48439
C-resnet18_ema,5,T5R12B4,5,12,4,333.57,191.0502
C-resnet18_ema,6,T6R1B1,6,1,1,23.61,44.408226
C-resnet18_ema,6,T6R1B2,6,1,2,29.85,46.660786
C-resnet18_ema,6,T6R1B3,6,1,3,30.06,73.959854
C-resnet18_ema,6,T6R1B4,6,1,4,31.64,55.46046
C-resnet18_ema,6,T6R2B1,6,2,1,30.08,47.41582
C-resnet18_ema,6,T6R2B2,6,2,2,34.27,49.93052
C-resnet18_ema,6,T6R2B3,6,2,3,32.69,62.270443
C-resnet18_ema,6,T6R2B4,6,2,4,37.52,52.836876
C-resnet18_ema,6,T6R3B1,6,3,1,36.21,66.5502
C-resnet18_ema,6,T6R3B2,6,3,2,38.81,58.322598
C-resnet18_ema,6,T6R3B3,6,3,3,35.51,63.25761
C-resnet18_ema,6,T6R3B4,6,3,4,44.65,89.55995
C-resnet18_ema,6,T6R4B1,6,4,1,38.18,45.50406
C-resnet18_ema,6,T6R4B2,6,4,2,40.78,50.627018
C-resnet18_ema,6,T6R4B3,6,4,3,42.38,49.96824
C-resnet18_ema,6,T6R4B4,6,4,4,55.29,54.533928
C-resnet18_ema,6,T6R5B1,6,5,1,43.01,48.318256
C-resnet18_ema,6,T6R5B2,6,5,2,51.59,45.121613
C-resnet18_ema,6,T6R5B3,6,5,3,46.06,52.68261
C-resnet18_ema,6,T6R5B4,6,5,4,60.29,52.902
C-resnet18_ema,6,T6R6B1,6,6,1,49.07,59.670204
C-resnet18_ema,6,T6R6B2,6,6,2,57.12,53.728622
C-resnet18_ema,6,T6R6B3,6,6,3,58.19,57.016037
C-resnet18_ema,6,T6R6B4,6,6,4,75.77,59.1607
C-resnet18_ema,6,T6R7B1,6,7,1,57.42,53.804935
C-resnet18_ema,6,T6R7B2,6,7,2,70.74,61.01002
C-resnet18_ema,6,T6R7B3,6,7,3,69.39,63.049877
C-resnet18_ema,6,T6R7B4,6,7,4,83.64,66.733376
C-resnet18_ema,6,T6R8B1,6,8,1,58.45,52.395092
C-resnet18_ema,6,T6R8B2,6,8,2,76.78,70.981445
C-resnet18_ema,6,T6R8B3,6,8,3,90.23,65.41641
C-resnet18_ema,6,T6R8B4,6,8,4,89.37,73.383896
C-resnet18_ema,6,T6R9B1,6,9,1,66.87,56.77382
C-resnet18_ema,6,T6R9B2,6,9,2,88.73,76.83639
C-resnet18_ema,6,T6R9B3,6,9,3,95.63,73.47336
C-resnet18_ema,6,T6R9B4,6,9,4,108.94,64.108246
C-resnet18_ema,6,T6R10B1,6,10,1,70.76,67.0197
C-resnet18_ema,6,T6R10B2,6,10,2,94.92,85.67073
C-resnet18_ema,6,T6R10B3,6,10,3,99.0,92.02566
C-resnet18_ema,6,T6R10B4,6,10,4,111.17,90.27894
C-resnet18_ema,6,T6R11B1,6,11,1,78.87,65.88855
C-resnet18_ema,6,T6R11B2,6,11,2,103.01,95.397606
C-resnet18_ema,6,T6R11B3,6,11,3,105.57,83.70452
C-resnet18_ema,6,T6R11B4,6,11,4,111.64,104.17429
C-resnet18_ema,6,T6R12B1,6,12,1,89.66,67.92559
C-resnet18_ema,6,T6R12B2,6,12,2,105.65,85.11028
C-resnet18_ema,6,T6R12B3,6,12,3,112.14,89.77919
C-resnet18_ema,6,T6R12B4,6,12,4,119.01,73.72102
C-resnet18_ema,6,T6R13B1,6,13,1,94.49,69.96708
C-resnet18_ema,6,T6R13B2,6,13,2,116.48,85.9607
C-resnet18_ema,6,T6R13B3,6,13,3,120.8,102.197685
C-resnet18_ema,6,T6R13B4,6,13,4,125.09,96.42635
C-resnet18_ema,6,T6R14B1,6,14,1,106.56,96.36066
C-resnet18_ema,6,T6R14B2,6,14,2,122.12,85.30528
C-resnet18_ema,6,T6R14B3,6,14,3,130.48,83.87145
C-resnet18_ema,6,T6R14B4,6,14,4,134.99,111.091805
C-resnet18_ema,6,T6R15B1,6,15,1,140.72,80.85053
C-resnet18_ema,6,T6R15B2,6,15,2,140.87,81.82037
C-resnet18_ema,6,T6R15B3,6,15,3,140.92,65.96607
C-resnet18_ema,6,T6R15B4,6,15,4,142.62,60.97905
C-resnet18_ema,7,T7R1B1,7,1,1,38.56,42.950146
C-resnet18_ema,7,T7R1B2,7,1,2,31.85,46.8093
C-resnet18_ema,7,T7R1B3,7,1,3,30.75,55.686176
C-resnet18_ema,7,T7R1B4,7,1,4,28.89,56.404495
C-resnet18_ema,7,T7R2B1,7,2,1,39.18,43.83829
C-resnet18_ema,7,T7R2B2,7,2,2,33.28,46.479248
C-resnet18_ema,7,T7R2B3,7,2,3,35.51,38.696938
C-resnet18_ema,7,T7R2B4,7,2,4,34.38,44.074024
C-resnet18_ema,7,T7R3B1,7,3,1,41.06,48.157234
C-resnet18_ema,7,T7R3B2,7,3,2,37.31,61.57375
C-resnet18_ema,7,T7R3B3,7,3,3,43.52,58.40734
C-resnet18_ema,7,T7R3B4,7,3,4,38.98,41.79076
C-resnet18_ema,7,T7R4B1,7,4,1,44.15,50.77076
C-resnet18_ema,7,T7R4B2,7,4,2,42.39,64.00041
C-resnet18_ema,7,T7R4B3,7,4,3,46.0,55.944206
C-resnet18_ema,7,T7R4B4,7,4,4,40.66,49.27595
C-resnet18_ema,7,T7R5B1,7,5,1,46.8,62.589855
C-resnet18_ema,7,T7R5B2,7,5,2,54.83,66.85444
C-resnet18_ema,7,T7R5B3,7,5,3,50.12,70.74111
C-resnet18_ema,7,T7R5B4,7,5,4,46.49,73.65536
C-resnet18_ema,7,T7R6B1,7,6,1,47.56,76.394295
C-resnet18_ema,7,T7R6B2,7,6,2,64.72,82.17072
C-resnet18_ema,7,T7R6B3,7,6,3,56.43,85.443855
C-resnet18_ema,7,T7R6B4,7,6,4,52.14,86.78108
C-resnet18_ema,7,T7R7B1,7,7,1,50.15,94.27721
C-resnet18_ema,7,T7R7B2,7,7,2,72.28,99.11834
C-resnet18_ema,7,T7R7B3,7,7,3,62.18,104.08126
C-resnet18_ema,7,T7R7B4,7,7,4,55.8,85.472855
C-resnet18_ema,7,T7R8B1,7,8,1,59.17,108.89638
C-resnet18_ema,7,T7R8B2,7,8,2,84.34,107.606766
C-resnet18_ema,7,T7R8B3,7,8,3,77.05,123.87718
C-resnet18_ema,7,T7R8B4,7,8,4,67.97,122.31549
C-resnet18_ema,7,T7R9B1,7,9,1,75.53,106.815384
C-resnet18_ema,7,T7R9B2,7,9,2,86.31,122.29913
C-resnet18_ema,7,T7R9B3,7,9,3,81.36,135.51387
C-resnet18_ema,7,T7R9B4,7,9,4,72.93,130.21443
C-resnet18_ema,7,T7R10B1,7,10,1,85.81,132.12054
C-resnet18_ema,7,T7R10B2,7,10,2,92.23,123.90512
C-resnet18_ema,7,T7R10B3,7,10,3,90.85,126.80628
C-resnet18_ema,7,T7R10B4,7,10,4,76.68,127.0696
C-resnet18_ema,7,T7R11B1,7,11,1,94.11,135.55933
C-resnet18_ema,7,T7R11B2,7,11,2,99.02,135.50473
C-resnet18_ema,7,T7R11B3,7,11,3,106.0,133.03426
C-resnet18_ema,7,T7R11B4,7,11,4,86.75,150.59865
C-resnet18_ema,7,T7R12B1,7,12,1,105.22,130.07599
C-resnet18_ema,7,T7R12B2,7,12,2,106.12,148.30573
C-resnet18_ema,7,T7R12B3,7,12,3,108.79,143.08614
C-resnet18_ema,7,T7R12B4,7,12,4,109.61,149.66547
C-resnet18_ema,7,T7R13B1,7,13,1,120.14,149.48782
C-resnet18_ema,7,T7R13B2,7,13,2,116.06,156.7377
C-resnet18_ema,7,T7R13B3,7,13,3,123.53,136.0967
C-resnet18_ema,7,T7R13B4,7,13,4,122.41,147.75232
C-resnet18_ema,7,T7R14B1,7,14,1,136.4,159.23428
C-resnet18_ema,7,T7R14B2,7,14,2,141.49,194.14735
C-resnet18_ema,7,T7R14B3,7,14,3,141.91,172.02396
C-resnet18_ema,7,T7R14B4,7,14,4,136.36,167.55832
