seed,fold,id,tool,run,blade,vb_true,p0,p1,p2
1,1,T1R2B1,1,2,1,34.89,0.9842263,0.015771193,2.5079246e-06
1,1,T1R2B2,1,2,2,52.5,0.9999962,3.803454e-06,3.620666e-10
1,1,T1R2B3,1,2,3,52.76,0.9999945,5.512262e-06,4.163527e-09
1,1,T1R2B4,1,2,4,44.5,1.0,1.2547539e-09,8.694298e-13
1,1,T1R3B1,1,3,1,39.9,0.9999442,5.5691005e-05,6.125774e-08
1,1,T1R3B2,1,3,2,60.17,0.99999964,3.1688776e-07,3.5599876e-09
1,1,T1R3B3,1,3,3,55.71,0.99984264,0.00015725728,8.980844e-08
1,1,T1R3B4,1,3,4,49.43,0.99999964,3.7025572e-07,1.7187121e-09
1,1,T1R4B1,1,4,1,55.07,0.99999285,7.1970985e-06,8.0570317e-10
1,1,T1R4B2,1,4,2,62.96,0.9999498,5.0223167e-05,3.1922291e-09
1,1,T1R4B3,1,4,3,73.87,0.99998236,1.748484e-05,1.5968861e-07
1,1,T1R4B4,1,4,4,63.93,1.0,2.8941236e-09,3.5068076e-10
1,1,T1R5B1,1,5,1,66.79,0.9999995,5.038215e-07,1.6757381e-08
1,1,T1R5B2,1,5,2,64.39,0.99998415,1.3006793e-05,2.8074387e-06
1,1,T1R5B3,1,5,3,78.2,0.9970349,0.0019493515,0.0010157455
1,1,T1R5B4,1,5,4,72.43,0.9999988,1.1002377e-06,1.4557479e-07
1,1,T1R6B1,1,6,1,72.7,0.85626256,0.12214527,0.021592189
1,1,T1R6B2,1,6,2,69.9,0.72813207,0.27093986,0.00092806295
1,1,T1R6B3,1,6,3,85.18,0.95125586,0.041872613,0.0068714623
1,1,T1R6B4,1,6,4,78.11,0.24582477,0.7435096,0.010665681
1,1,T1R7B1,1,7,1,74.94,0.9916304,0.00214478,0.006224736
1,1,T1R7B2,1,7,2,81.86,0.009620187,0.28156057,0.70881927
1,1,T1R7B3,1,7,3,88.48,0.19711486,0.103551544,0.6993336
1,1,T1R7B4,1,7,4,85.41,0.893512,0.0021722405,0.104315765
1,1,T1R8B1,1,8,1,75.92,0.42017642,0.50358623,0.07623735
1,1,T1R8B2,1,8,2,97.17,0.0035578893,0.77520406,0.22123802
1,1,T1R8B3,1,8,3,95.96,0.0006253342,0.90526956,0.09410509
1,1,T1R8B4,1,8,4,110.81,0.2276149,0.069783986,0.70260113
1,1,T1R9B1,1,9,1,102.15,0.3171966,0.54631776,0.13648565
1,1,T1R9B2,1,9,2,109.34,9.338682e-05,0.0035889675,0.9963176
1,1,T1R9B3,1,9,3,118.61,0.0061090095,0.12267529,0.87121576
1,1,T1R9B4,1,9,4,118.03,0.01751757,0.025621198,0.9568612
1,1,T1R10B1,1,10,1,122.4,0.00152159,0.03320521,0.96527314
1,1,T1R10B2,1,10,2,127.92,5.7290426e-06,0.022311669,0.97768265
1,1,T1R10B3,1,10,3,123.61,1.1491962e-06,0.00043254474,0.99956626
1,1,T1R10B4,1,10,4,121.19,0.00507247,0.23392528,0.7610023
1,1,T1R11B1,1,11,1,139.58,0.00077635533,0.006176112,0.99304754
1,1,T1R11B2,1,11,2,136.69,0.0009968443,0.012932053,0.98607117
1,1,T1R11B3,1,11,3,147.84,9.0867856e-05,0.08754881,0.91236037
1,1,T1R11B4,1,11,4,124.31,6.323325e-05,0.009424437,0.9905123
1,2,T2R1B1,2,1,1,23.13,0.99993706,6.279139e-05,1.3891416e-07
1,2,T2R1B2,2,1,2,24.99,0.99993706,6.2879844e-05,6.4000467e-09
1,2,T2R1B3,2,1,3,33.33,0.99998796,1.2021588e-05,4.8386046e-09
1,2,T2R1B4,2,1,4,31.57,0.9999976,2.4155129e-06,1.2676348e-09
1,2,T2R2B1,2,2,1,30.72,0.75888705,0.2406972,0.0004157047
1,2,T2R2B2,2,2,2,32.43,0.9790546,0.02094515,2.0771509e-07
1,2,T2R2B3,2,2,3,45.13,0.99119556,0.008803713,6.972049e-07
1,2,T2R2B4,2,2,4,35.41,0.9646287,0.035371076,2.1217961e-07
1,2,T2R3B1,2,3,1,33.85,0.93057543,0.05777592,0.011648694
1,2,T2R3B2,2,3,2,42.84,0.93675476,0.054703064,0.008542175
1,2,T2R3B3,2,3,3,50.62,0.9943532,0.0056034313,4.33303e-05
1,2,T2R3B4,2,3,4,61.66,0.9743827,0.024157919,0.0014593267
1,2,T2R4B1,2,4,1,57.09,0.99221605,0.0077800974,3.93868e-06
1,2,T2R4B2,2,4,2,60.89,0.9667975,0.03320126,1.2410101e-06
1,2,T2R4B3,2,4,3,60.22,0.93892336,0.06098854,8.812195e-05
1,2,T2R4B4,2,4,4,63.85,0.94273585,0.057238467,2.5609297e-05
1,2,T2R5B1,2,5,1,65.2,0.99761045,0.0023614112,2.8186136e-05
1,2,T2R5B2,2,5,2,67.92,0.7434664,0.25649107,4.251474e-05
1,2,T2R5B3,2,5,3,72.47,0.8580693,0.14178026,0.00015043866
1,2,T2R5B4,2,5,4,67.77,0.9858453,0.01412928,2.535182e-05
1,2,T2R6B1,2,6,1,76.01,0.976225,0.023768261,6.7477945e-06
1,2,T2R6B2,2,6,2,79.28,0.75428087,0.24546336,0.00025574386
1,2,T2R6B3,2,6,3,81.07,0.6758201,0.3234422,0.0007377558
1,2,T2R6B4,2,6,4,82.5,0.8310048,0.16889271,0.00010245463
1,2,T2R7B1,2,7,1,81.63,0.98023844,0.01934545,0.000416123
1,2,T2R7B2,2,7,2,90.49,0.9912062,0.008786048,7.722212e-06
1,2,T2R7B3,2,7,3,86.95,0.98576814,0.013999972,0.00023183243
1,2,T2R7B4,2,7,4,85.57,0.6860805,0.31328037,0.00063917076
1,2,T2R8B1,2,8,1,86.76,0.95005643,0.048347656,0.0015958342
1,2,T2R8B2,2,8,2,91.57,0.9297717,0.07022336,4.8998954e-06
1,2,T2R8B3,2,8,3,91.23,0.9000618,0.09985061,8.7683366e-05
1,2,T2R8B4,2,8,4,94.61,0.9919228,0.008073709,3.409583e-06
1,2,T2R9B1,2,9,1,91.91,0.116183616,0.8633968,0.020419525
1,2,T2R9B2,2,9,2,92.17,0.6408745,0.35903358,9.1800066e-05
1,2,T2R9B3,2,9,3,95.06,0.80921316,0.18722044,0.0035663778
1,2,T2R9B4,2,9,4,96.54,0.11265909,0.8869999,0.0003410015
1,2,T2R11B1,2,11,1,109.66,0.33451435,0.6386991,0.026786566
1,2,T2R11B2,2,11,2,107.11,0.074991465,0.92303556,0.001973041
1,2,T2R11B3,2,11,3,103.62,0.8420143,0.07716542,0.08082025
1,2,T2R11B4,2,11,4,112.3,0.36524135,0.6128139,0.021944746
1,2,T2R12B1,2,12,1,112.75,0.8689449,0.123884715,0.00717046
1,2,T2R12B2,2,12,2,116.69,0.031340644,0.94269156,0.025967801
1,2,T2R12B3,2,12,3,106.86,0.89976525,0.06968951,0.03054517
1,2,T2R12B4,2,12,4,117.87,0.38853166,0.5433776,0.06809079
1,2,T2R13B1,2,13,1,117.12,0.0014027276,0.9985935,3.7077448e-06
1,2,T2R13B2,2,13,2,145.06,0.02795415,0.9708701,0.0011756953
1,2,T2R13B3,2,13,3,132.72,0.026946627,0.9650069,0.008046464
1,2,T2R13B4,2,13,4,122.59,0.019287596,0.893039,0.087673455
1,2,T2R14B1,2,14,1,125.88,0.0016112223,0.9812847,0.017104127
1,2,T2R14B2,2,14,2,147.16,2.9400642e-05,0.8746561,0.12531455
1,2,T2R14B3,2,14,3,140.86,0.00014587717,0.70984834,0.29000574
1,2,T2R14B4,2,14,4,141.62,8.7639746e-05,0.60418427,0.39572808
1,2,T2R15B1,2,15,1,129.06,0.012308737,0.0489878,0.9387035
1,2,T2R15B2,2,15,2,174.56,1.4658773e-05,0.90252614,0.09745918
1,2,T2R15B3,2,15,3,142.84,0.036663134,0.94808525,0.015251662
1,2,T2R15B4,2,15,4,158.19,0.00016217305,0.98993826,0.009899524
1,3,T3R1B1,3,1,1,27.58,0.99999964,3.7537157e-07,2.4652284e-11
1,3,T3R1B2,3,1,2,30.11,0.99999094,9.115162e-06,9.1676255e-10
1,3,T3R1B3,3,1,3,34.81,0.9999993,7.721265e-07,1.8418395e-11
1,3,T3R1B4,3,1,4,33.74,0.99999845,1.4936422e-06,1.6036649e-09
1,3,T3R2B1,3,2,1,41.69,0.9999976,2.3690432e-06,6.612274e-10
1,3,T3R2B2,3,2,2,33.29,0.9999752,2.4763893e-05,1.073985e-09
1,3,T3R2B3,3,2,3,43.8,0.99972266,0.00027735397,9.6277795e-09
1,3,T3R2B4,3,2,4,43.04,0.99999845,1.5234285e-06,1.8822446e-09
1,3,T3R3B1,3,3,1,46.49,0.99714404,0.002855588,3.7236458e-07
1,3,T3R3B2,3,3,2,45.83,0.9999845,1.5490565e-05,5.8813185e-09
1,3,T3R3B3,3,3,3,68.47,0.9996842,0.0003157772,6.1343717e-09
1,3,T3R3B4,3,3,4,55.99,0.9809394,0.01903384,2.6798854e-05
1,3,T3R4B1,3,4,1,56.79,0.9984493,0.0015497644,7.936854e-07
1,3,T3R4B2,3,4,2,55.63,0.99998975,1.0211719e-05,5.236051e-09
1,3,T3R4B3,3,4,3,69.35,0.99869627,0.0013036091,1.06528695e-07
1,3,T3R4B4,3,4,4,61.8,0.40084216,0.5964435,0.0027143883
1,3,T3R5B1,3,5,1,97.68,0.85241574,0.14260514,0.0049791005
1,3,T3R5B2,3,5,2,74.35,0.9999695,3.057335e-05,7.594289e-09
1,3,T3R5B3,3,5,3,86.06,0.9748112,0.025151305,3.758995e-05
1,3,T3R5B4,3,5,4,113.03,0.0010189853,0.99849284,0.00048818366
1,3,T3R6B1,3,6,1,115.64,0.0060075503,0.9901843,0.0038081373
1,3,T3R6B2,3,6,2,78.12,0.9985746,0.0014252027,1.2151168e-07
1,3,T3R6B3,3,6,3,91.83,0.9880719,0.011840908,8.718456e-05
1,3,T3R6B4,3,6,4,127.16,0.001593462,0.9982911,0.00011546082
1,3,T3R7B1,3,7,1,117.34,0.000110603505,0.9996742,0.00021517537
1,3,T3R7B2,3,7,2,81.45,0.91134065,0.08864135,1.8028657e-05
1,3,T3R7B3,3,7,3,107.15,0.25647876,0.63483554,0.1086857
1,3,T3R7B4,3,7,4,136.31,0.00030114755,0.996546,0.003152875
1,3,T3R8B1,3,8,1,124.15,0.00015042484,0.9966875,0.0031621072
1,3,T3R8B2,3,8,2,84.6,0.6066794,0.393142,0.00017862153
1,3,T3R8B3,3,8,3,108.82,0.9729374,0.026220229,0.0008423287
1,3,T3R8B4,3,8,4,136.47,0.06729151,0.92088616,0.011822337
1,3,T3R9B1,3,9,1,126.17,0.051636018,0.90677035,0.041593615
1,3,T3R9B2,3,9,2,99.27,0.9975261,0.0024276562,4.622146e-05
1,3,T3R9B3,3,9,3,109.04,0.83470374,0.11209905,0.053197276
1,3,T3R9B4,3,9,4,139.06,0.03510214,0.78090906,0.18398878
1,3,T3R10B1,3,10,1,128.39,0.42952365,0.24510169,0.32537463
1,3,T3R10B2,3,10,2,103.19,0.8180359,0.18039204,0.0015720583
1,3,T3R10B3,3,10,3,119.72,0.9808841,0.018791862,0.00032399426
1,3,T3R10B4,3,10,4,148.43,0.4376387,0.37406248,0.18829876
1,3,T3R11B1,3,11,1,131.72,0.017756823,0.094227985,0.8880152
1,3,T3R11B2,3,11,2,120.64,0.0048405686,0.6266283,0.3685312
1,3,T3R11B3,3,11,3,147.39,0.02530897,0.29344693,0.68124413
1,3,T3R11B4,3,11,4,150.04,0.00065905356,0.96918184,0.030159168
1,3,T3R12B1,3,12,1,135.16,0.72255445,0.24135016,0.036095385
1,3,T3R12B2,3,12,2,124.81,0.0016018058,0.07919563,0.9192026
1,3,T3R12B3,3,12,3,150.37,0.046449672,0.22535212,0.72819823
1,3,T3R12B4,3,12,4,159.77,0.0013576723,0.6861291,0.3125132
1,3,T3R13B1,3,13,1,160.44,0.0012186371,0.95288754,0.045893822
1,3,T3R13B2,3,13,2,154.77,0.00033147068,0.96946007,0.030208478
1,3,T3R13B3,3,13,3,162.96,0.0094009675,0.39640182,0.5941972
1,3,T3R13B4,3,13,4,170.07,0.0012226005,0.2897459,0.70903146
1,4,T4R1B1,4,1,1,39.05,0.9995222,0.00047685875,9.537479e-07
1,4,T4R1B2,4,1,2,43.66,0.99547297,0.004501274,2.580562e-05
1,4,T4R1B3,4,1,3,47.85,0.9999409,4.9637936e-05,9.568798e-06
1,4,T4R1B4,4,1,4,56.29,0.99135333,0.0076125613,0.0010340143
1,4,T4R2B1,4,2,1,41.4,0.9999999,7.2622555e-08,4.0594998e-08
1,4,T4R2B2,4,2,2,44.01,0.9999323,3.6511071e-06,6.407046e-05
1,4,T4R2B3,4,2,3,54.24,0.99992716,3.2954948e-05,3.9904593e-05
1,4,T4R2B4,4,2,4,58.22,0.99997723,2.3643396e-07,2.2514392e-05
1,4,T4R3B1,4,3,1,45.55,1.0,2.920888e-08,1.3169768e-08
1,4,T4R3B2,4,3,2,50.03,0.99970216,0.00025734276,4.053242e-05
1,4,T4R3B3,4,3,3,58.57,0.9998242,0.0001544446,2.1290833e-05
1,4,T4R3B4,4,3,4,66.11,0.998654,0.0013152026,3.0733947e-05
1,4,T4R4B1,4,4,1,48.98,1.0,1.48709e-09,2.5666105e-09
1,4,T4R4B2,4,4,2,59.84,0.9999827,1.4901351e-05,2.4152946e-06
1,4,T4R4B3,4,4,3,68.26,0.9999615,1.7494816e-05,2.0965286e-05
1,4,T4R4B4,4,4,4,84.8,0.99979156,0.00019158365,1.6868295e-05
1,4,T4R5B1,4,5,1,56.72,1.0,2.7897102e-08,3.175666e-08
1,4,T4R5B2,4,5,2,64.35,1.0,6.533288e-09,2.374211e-09
1,4,T4R5B3,4,5,3,79.89,0.99999833,8.5336467e-07,8.8039036e-07
1,4,T4R5B4,4,5,4,94.12,0.99998105,1.2042417e-06,1.7706567e-05
1,4,T4R10B1,4,10,1,104.52,0.9999988,3.1333695e-07,8.049641e-07
1,4,T4R10B2,4,10,2,112.62,1.0,1.6910706e-08,1.3485546e-09
1,4,T4R10B3,4,10,3,121.26,0.9996581,0.00020082717,0.00014103959
1,4,T4R10B4,4,10,4,123.38,0.8777869,0.12186503,0.00034815978
1,4,T4R11B1,4,11,1,110.22,0.9996443,0.00035405954,1.6430577e-06
1,4,T4R11B2,4,11,2,116.54,0.99998987,1.0019815e-05,6.80593e-08
1,4,T4R11B3,4,11,3,124.45,0.9729796,0.026283843,0.0007365516
1,4,T4R11B4,4,11,4,127.38,0.30995998,0.6690599,0.020980114
1,4,T4R12B1,4,12,1,116.78,0.999273,0.0007262011,8.659811e-07
1,4,T4R12B2,4,12,2,120.16,0.99957615,0.00042290537,9.363731e-07
1,4,T4R12B3,4,12,3,131.37,0.83244777,0.16588879,0.0016633814
1,4,T4R12B4,4,12,4,136.51,0.95210695,0.0053407243,0.042552236
1,4,T4R13B1,4,13,1,139.27,0.40271175,0.597279,9.220665e-06
1,4,T4R13B2,4,13,2,145.45,0.8694342,0.09687921,0.033686604
1,4,T4R13B3,4,13,3,164.1,0.0015854164,0.9983846,2.9983512e-05
1,4,T4R13B4,4,13,4,161.09,5.7052606e-05,0.99989605,4.6838446e-05
1,4,T4R14B1,4,14,1,146.06,0.013241196,0.98530084,0.001457917
1,4,T4R14B2,4,14,2,193.18,0.010882662,0.9587695,0.030347815
1,4,T4R14B3,4,14,3,197.59,0.00047598302,0.9863435,0.013180514
1,4,T4R14B4,4,14,4,253.62,0.0045234594,0.37585068,0.61962587
1,5,T5R1B1,5,1,1,22.55,0.9983188,0.0016487717,3.246873e-05
1,5,T5R1B2,5,1,2,23.19,0.99370676,0.002067117,0.0042261137
1,5,T5R1B3,5,1,3,32.11,0.99953115,0.00046328324,5.602657e-06
1,5,T5R1B4,5,1,4,37.74,0.9910981,0.008895001,6.878816e-06
1,5,T5R2B1,5,2,1,45.62,0.9999913,8.705661e-06,6.976799e-10
1,5,T5R2B2,5,2,2,40.08,0.99967766,0.00032233138,5.413322e-09
1,5,T5R2B3,5,2,3,51.78,0.9901794,0.009786337,3.4212568e-05
1,5,T5R2B4,5,2,4,55.23,0.9966433,0.0033567348,3.6572693e-08
1,5,T5R3B1,5,3,1,74.49,0.999959,4.0558338e-05,4.2855183e-07
1,5,T5R3B2,5,3,2,52.29,0.99999905,9.854281e-07,1.9428503e-09
1,5,T5R3B3,5,3,3,90.62,0.99971455,0.00024555955,3.9982075e-05
1,5,T5R3B4,5,3,4,97.89,0.9819395,0.016978247,0.0010822581
1,5,T5R4B1,5,4,1,81.69,0.99993527,6.429247e-05,4.5564627e-07
1,5,T5R4B2,5,4,2,61.23,0.9995384,0.00045548048,6.0734633e-06
1,5,T5R4B3,5,4,3,107.95,0.9235658,0.074246064,0.002188074
1,5,T5R4B4,5,4,4,121.2,0.0006549966,0.9988901,0.00045497844
1,5,T5R5B1,5,5,1,100.84,0.99189574,0.008012116,9.206857e-05
1,5,T5R5B2,5,5,2,73.04,0.99057543,0.009420675,3.89176e-06
1,5,T5R5B3,5,5,3,114.2,0.010561652,0.98877954,0.00065874227
1,5,T5R5B4,5,5,4,133.51,0.00018825615,0.999597,0.0002147713
1,5,T5R6B1,5,6,1,115.71,0.044391155,0.95555574,5.3072403e-05
1,5,T5R6B2,5,6,2,75.35,0.97710764,0.02289119,1.1176138e-06
1,5,T5R6B3,5,6,3,121.09,0.013449806,0.9864893,6.0896396e-05
1,5,T5R6B4,5,6,4,138.26,0.00020009592,0.99746597,0.0023339402
1,5,T5R7B1,5,7,1,116.92,0.6288468,0.3180878,0.053065307
1,5,T5R7B2,5,7,2,76.26,0.89665306,0.103285365,6.158546e-05
1,5,T5R7B3,5,7,3,141.22,0.024844473,0.18956743,0.7855882
1,5,T5R7B4,5,7,4,150.95,0.6915316,0.23821536,0.070253015
1,5,T5R8B1,5,8,1,119.92,0.00011958307,0.05451626,0.94536424
1,5,T5R8B2,5,8,2,98.06,0.013875355,0.76823384,0.21789081
1,5,T5R8B3,5,8,3,150.49,4.8759877e-05,0.99118656,0.00876473
1,5,T5R8B4,5,8,4,153.27,4.7974372e-05,0.9230317,0.07692034
1,5,T5R9B1,5,9,1,133.19,0.012179245,0.012790156,0.97503066
1,5,T5R9B2,5,9,2,132.72,4.519662e-06,0.0034187548,0.9965767
1,5,T5R9B3,5,9,3,169.84,7.672598e-07,1.6636031e-07,0.99999917
1,5,T5R9B4,5,9,4,195.86,0.006964664,0.017303005,0.9757323
1,5,T5R10B1,5,10,1,142.44,2.7615533e-05,0.008432545,0.9915398
1,5,T5R10B2,5,10,2,139.7,0.00088466954,0.9895908,0.009524563
1,5,T5R10B3,5,10,3,204.57,1.9987678e-05,5.8572873e-06,0.99997413
1,5,T5R10B4,5,10,4,213.1,4.7174276e-06,4.773265e-05,0.99994755
1,5,T5R11B1,5,11,1,173.89,1.9618508e-05,0.0004925465,0.99948776
1,5,T5R11B2,5,11,2,169.13,9.933268e-06,0.013294344,0.98669577
1,5,T5R11B3,5,11,3,269.78,2.9266064e-05,0.13287638,0.86709434
1,5,T5R11B4,5,11,4,227.33,0.00087468856,0.00020582174,0.9989196
1,5,T5R12B1,5,12,1,334.39,0.0021643175,5.514707e-06,0.9978302
1,5,T5R12B2,5,12,2,212.01,3.4941206e-06,6.5776453e-06,0.99999
1,5,T5R12B3,5,12,3,346.66,0.00015416283,4.3498136e-07,0.9998454
1,5,T5R12B4,5,12,4,333.57,1.6402417e-05,9.527559e-07,0.9999826
1,6,T6R1B1,6,1,1,23.61,0.9998524,0.00014738845,1.1187956e-07
1,6,T6R1B2,6,1,2,29.85,0.999803,0.00019459249,2.3668347e-06
1,6,T6R1B3,6,1,3,30.06,0.9965006,0.0034060348,9.3318595e-05
1,6,T6R1B4,6,1,4,31.64,0.9986505,0.001340666,8.7875405e-06
1,6,T6R2B1,6,2,1,30.08,0.9999987,1.2748685e-06,1.312193e-09
1,6,T6R2B2,6,2,2,34.27,0.99986744,0.00013250082,2.124096e-08
1,6,T6R2B3,6,2,3,32.69,0.9999316,6.836964e-05,2.0018406e-08
1,6,T6R2B4,6,2,4,37.52,0.9999157,8.4270745e-05,4.9700914e-09
1,6,T6R3B1,6,3,1,36.21,0.9999695,3.056201e-05,4.628123e-09
1,6,T6R3B2,6,3,2,38.81,0.9999893,1.0674691e-05,1.9863236e-08
1,6,T6R3B3,6,3,3,35.51,0.99947625,0.00052365736,1.2860879e-07
1,6,T6R3B4,6,3,4,44.65,0.99978215,0.00021787363,2.4191689e-08
1,6,T6R4B1,6,4,1,38.18,0.99998844,1.1579713e-05,3.9729886e-11
1,6,T6R4B2,6,4,2,40.78,0.99993694,6.308555e-05,3.5482204e-09
1,6,T6R4B3,6,4,3,42.38,0.99993217,6.7871086e-05,3.0203349e-09
1,6,T6R4B4,6,4,4,55.29,0.9999999,1.3002446e-07,7.9400337e-13
1,6,T6R5B1,6,5,1,43.01,0.99805754,0.001942262,1.2918414e-07
1,6,T6R5B2,6,5,2,51.59,0.9945024,0.005497409,1.0124825e-07
1,6,T6R5B3,6,5,3,46.06,0.88833433,0.11166487,7.6752406e-07
1,6,T6R5B4,6,5,4,60.29,0.9584247,0.04157531,3.8806604e-08
1,6,T6R6B1,6,6,1,49.07,0.026772989,0.9732207,6.3212183e-06
1,6,T6R6B2,6,6,2,57.12,0.3659556,0.6340402,4.232281e-06
1,6,T6R6B3,6,6,3,58.19,0.509045,0.49095368,1.2662935e-06
1,6,T6R6B4,6,6,4,75.77,0.26751915,0.73248047,3.4127066e-07
1,6,T6R7B1,6,7,1,57.42,0.94445735,0.055540755,1.9131435e-06
1,6,T6R7B2,6,7,2,70.74,0.9962381,0.0037612945,5.877445e-07
1,6,T6R7B3,6,7,3,69.39,0.98289156,0.0171036,4.8426464e-06
1,6,T6R7B4,6,7,4,83.64,0.3512411,0.64875615,2.6559148e-06
1,6,T6R8B1,6,8,1,58.45,0.79488087,0.20511764,1.4863972e-06
1,6,T6R8B2,6,8,2,76.78,0.094671026,0.90532064,8.359518e-06
1,6,T6R8B3,6,8,3,90.23,0.05993377,0.94006574,4.7012853e-07
1,6,T6R8B4,6,8,4,89.37,0.6807367,0.31923735,2.586852e-05
1,6,T6R9B1,6,9,1,66.87,0.99080104,0.009195543,3.3751494e-06
1,6,T6R9B2,6,9,2,88.73,0.102680236,0.89731735,2.4226363e-06
1,6,T6R9B3,6,9,3,95.63,0.10296886,0.8970246,6.5157337e-06
1,6,T6R9B4,6,9,4,108.94,0.8963865,0.10360697,6.495928e-06
1,6,T6R10B1,6,10,1,70.76,0.95048994,0.049507257,2.8195568e-06
1,6,T6R10B2,6,10,2,94.92,0.044548556,0.95544606,5.427469e-06
1,6,T6R10B3,6,10,3,99.0,0.00058189034,0.9994049,1.3174523e-05
1,6,T6R10B4,6,10,4,111.17,0.96162593,0.038350202,2.3877754e-05
1,6,T6R11B1,6,11,1,78.87,0.82837373,0.17162223,4.0491764e-06
1,6,T6R11B2,6,11,2,103.01,0.008986746,0.990995,1.8226132e-05
1,6,T6R11B3,6,11,3,105.57,0.0008547616,0.99914455,6.5225726e-07
1,6,T6R11B4,6,11,4,111.64,0.011041609,0.921802,0.067156374
1,6,T6R12B1,6,12,1,89.66,0.79503036,0.20492865,4.0946317e-05
1,6,T6R12B2,6,12,2,105.65,0.00079652906,0.99907184,0.00013165743
1,6,T6R12B3,6,12,3,112.14,0.088344306,0.9102231,0.0014326095
1,6,T6R12B4,6,12,4,119.01,0.08887658,0.9111038,1.9626414e-05
1,6,T6R13B1,6,13,1,94.49,0.40212536,0.5976887,0.000185951
1,6,T6R13B2,6,13,2,116.48,0.0012378477,0.9987477,1.4402821e-05
1,6,T6R13B3,6,13,3,120.8,6.022544e-05,0.96031135,0.03962844
1,6,T6R13B4,6,13,4,125.09,9.342944e-05,0.9954983,0.004408345
1,6,T6R14B1,6,14,1,106.56,0.00018067237,0.9758413,0.02397802
1,6,T6R14B2,6,14,2,122.12,0.013906091,0.98090655,0.0051873424
1,6,T6R14B3,6,14,3,130.48,0.008982322,0.9755828,0.015434938
1,6,T6R14B4,6,14,4,134.99,5.878633e-05,0.9974063,0.0025349236
1,6,T6R15B1,6,15,1,140.72,0.05740485,0.94254404,5.1124996e-05
1,6,T6R15B2,6,15,2,140.87,0.0009624568,0.9989936,4.4016895e-05
1,6,T6R15B3,6,15,3,140.92,0.039119687,0.96087426,6.0396374e-06
1,6,T6R15B4,6,15,4,142.62,0.08235584,0.9176404,3.719727e-06
1,7,T7R1B1,7,1,1,38.56,0.9996979,0.00030174933,3.4572525e-07
1,7,T7R1B2,7,1,2,31.85,0.99903095,0.00096815627,9.958252e-07
1,7,T7R1B3,7,1,3,30.75,0.99727386,0.0025162725,0.00020983999
1,7,T7R1B4,7,1,4,28.89,0.9988206,0.0011757718,3.6148376e-06
1,7,T7R2B1,7,2,1,39.18,0.9868059,0.013148079,4.597878e-05
1,7,T7R2B2,7,2,2,33.28,0.9925296,0.007453491,1.6938126e-05
1,7,T7R2B3,7,2,3,35.51,0.99828905,0.0017063253,4.632645e-06
1,7,T7R2B4,7,2,4,34.38,0.99879324,0.0012048206,1.915874e-06
1,7,T7R3B1,7,3,1,41.06,0.99709666,0.0028746384,2.882264e-05
1,7,T7R3B2,7,3,2,37.31,0.99936515,0.0005102688,0.00012459213
1,7,T7R3B3,7,3,3,43.52,0.9998859,0.000110244306,3.8620615e-06
1,7,T7R3B4,7,3,4,38.98,0.9999515,4.7409372e-05,1.1291397e-06
1,7,T7R4B1,7,4,1,44.15,0.99993336,6.590876e-05,6.5817744e-07
1,7,T7R4B2,7,4,2,42.39,0.99989486,0.00010266441,2.527116e-06
1,7,T7R4B3,7,4,3,46.0,0.9998945,9.0073656e-05,1.5408668e-05
1,7,T7R4B4,7,4,4,40.66,0.99983084,0.00016324551,5.8840474e-06
1,7,T7R5B1,7,5,1,46.8,0.98942417,0.0066397465,0.003936068
1,7,T7R5B2,7,5,2,54.83,0.9998362,0.00011497304,4.8695234e-05
1,7,T7R5B3,7,5,3,50.12,0.9958301,0.003970219,0.00019966777
1,7,T7R5B4,7,5,4,46.49,0.9888337,0.0064150896,0.0047511864
1,7,T7R6B1,7,6,1,47.56,0.92882866,0.06915856,0.0020128863
1,7,T7R6B2,7,6,2,64.72,0.96989745,0.026254203,0.0038482728
1,7,T7R6B3,7,6,3,56.43,0.3797158,0.3894617,0.23082252
1,7,T7R6B4,7,6,4,52.14,0.95969063,0.04020162,0.00010777369
1,7,T7R7B1,7,7,1,50.15,0.035902634,0.9605863,0.0035110842
1,7,T7R7B2,7,7,2,72.28,0.27055463,0.0994097,0.63003564
1,7,T7R7B3,7,7,3,62.18,0.09633893,0.63524497,0.2684161
1,7,T7R7B4,7,7,4,55.8,0.40211222,0.58521485,0.012672944
1,7,T7R8B1,7,8,1,59.17,0.00035262867,0.9977915,0.0018558442
1,7,T7R8B2,7,8,2,84.34,0.0016017425,0.99780077,0.0005974305
1,7,T7R8B3,7,8,3,77.05,0.0027817627,0.990266,0.0069522313
1,7,T7R8B4,7,8,4,67.97,0.062057722,0.93632835,0.0016138761
1,7,T7R9B1,7,9,1,75.53,0.0005540604,0.99552476,0.0039211977
1,7,T7R9B2,7,9,2,86.31,0.08188731,0.60785115,0.31026152
1,7,T7R9B3,7,9,3,81.36,0.00069116364,0.7321935,0.26711535
1,7,T7R9B4,7,9,4,72.93,0.00034053018,0.9995066,0.00015292777
1,7,T7R10B1,7,10,1,85.81,9.894848e-06,0.99984765,0.00014246997
1,7,T7R10B2,7,10,2,92.23,0.0038787248,0.9958754,0.00024586546
1,7,T7R10B3,7,10,3,90.85,0.0042719655,0.99566877,5.9240607e-05
1,7,T7R10B4,7,10,4,76.68,3.88551e-05,0.99995995,1.2161418e-06
1,7,T7R11B1,7,11,1,94.11,5.2299452e-05,0.123520866,0.8764268
1,7,T7R11B2,7,11,2,99.02,0.00013977986,0.039398875,0.9604614
1,7,T7R11B3,7,11,3,106.0,1.6163838e-05,0.10051199,0.8994718
1,7,T7R11B4,7,11,4,86.75,4.900882e-05,0.107154325,0.8927967
1,7,T7R12B1,7,12,1,105.22,2.3059922e-05,0.065437965,0.934539
1,7,T7R12B2,7,12,2,106.12,1.2154164e-06,0.121575505,0.8784232
1,7,T7R12B3,7,12,3,108.79,0.0002029615,0.07586979,0.92392725
1,7,T7R12B4,7,12,4,109.61,0.0004148028,0.0041770404,0.9954081
1,7,T7R13B1,7,13,1,120.14,0.00039473348,0.58820087,0.41140443
1,7,T7R13B2,7,13,2,116.06,0.002896762,0.17166816,0.8254351
1,7,T7R13B3,7,13,3,123.53,0.0028323007,0.99477226,0.0023954834
1,7,T7R13B4,7,13,4,122.41,0.004890558,0.062619396,0.93249005
1,7,T7R14B1,7,14,1,136.4,6.164873e-05,0.0011491672,0.99878913
1,7,T7R14B2,7,14,2,141.49,8.951628e-08,1.5423154e-06,0.99999833
1,7,T7R14B3,7,14,3,141.91,3.7003945e-06,0.0002943762,0.9997019
1,7,T7R14B4,7,14,4,136.36,1.1671544e-06,0.00012839459,0.9998704
