epoch,train_loss,lr,sec,val_loss,val_mae,fold
1,0.07088770144260846,3.666666666666665e-05,4.83,0.02925514243543148,23.410827308654785,1
2,0.04413064029545356,6.833333333333329e-05,4.78,0.020175861194729805,17.93807999420166,1
3,0.031241889756459456,0.0001,4.71,0.030107596889138222,22.82926837158203,1
4,0.03501529362387,9.966191788709719e-05,4.75,0.016645273193717003,15.258892879486083,1
5,0.030336183089858446,9.865224352899119e-05,4.73,0.020486783236265182,17.789265140533445,1
6,0.018940009797612827,9.698463103929538e-05,4.75,0.023309605196118355,19.19317487335205,1
7,0.0203908345876978,9.468163201617057e-05,4.78,0.020069126039743423,17.690370674133298,1
8,0.017862508658510752,9.17743905706468e-05,4.71,0.021827708929777145,18.464477279663082,1
9,0.016884195558631267,8.830222215594882e-05,4.68,0.021704798564314842,18.468254875183106,1
10,0.01155656083033253,8.431208189343657e-05,4.72,0.019216977059841156,17.381820907592772,1
11,0.012752585644380022,7.985792958513918e-05,4.75,0.020999107509851456,18.51003525352478,1
12,0.011016901206368437,7.499999999999986e-05,4.73,0.021732661873102188,18.85101655769348,1
13,0.00974988361271337,6.980398830195774e-05,4.72,0.023972319439053535,19.938962856292722,1
14,0.011108215868425293,6.43401616355544e-05,4.75,0.02069014124572277,18.566717655181883,1
15,0.008687983678940397,5.8682408883346464e-05,4.74,0.016794804483652115,16.348499999999998,1
16,0.009198145870752156,5.2907241445523744e-05,4.74,0.02057974971830845,18.301068065643307,1
17,0.008357927203178406,4.7092758554476186e-05,4.82,0.02108672820031643,18.600423091888423,1
18,0.006913678386272528,4.131759111665345e-05,4.78,0.018825866281986237,17.40439804458618,1
19,0.007786336635502103,3.5659838364445444e-05,4.72,0.0172528438270092,16.48047136688232,1
20,0.0066616574469476175,3.0196011698042126e-05,4.75,0.019051099196076393,17.57354030036926,1
21,0.005124168867507997,2.4999999999999974e-05,4.74,0.019244227558374405,17.586981338500973,1
22,0.005203191462593774,2.014207041486065e-05,4.72,0.019673306494951248,17.825425380706783,1
23,0.005188534051203766,1.56879181065633e-05,4.75,0.01999826729297638,18.099334169387816,1
24,0.005251160670573322,1.169777784405109e-05,4.73,0.021382136270403862,18.91228107833862,1
25,0.005438514310532274,8.225609429353153e-06,4.73,0.01997537538409233,18.078861499786377,1
26,0.004469915063311465,5.31836798382938e-06,4.76,0.018538696691393852,17.199738574981687,1
27,0.004350029236565416,3.0153689607045777e-06,4.72,0.018399346619844437,17.114313484191893,1
28,0.0037421502877408876,1.3477564710088068e-06,4.76,0.017788013443350792,16.7660990486145,1
29,0.004874179051675571,3.380821129028481e-07,4.74,0.01832112856209278,17.09786517715454,1
30,0.004275119936583229,0.0,4.78,0.018607910722494125,17.279044002532956,1
1,0.07750697554768743,3.666666666666667e-05,4.53,0.045913342386484146,31.381543734414237,2
2,0.0467409053062265,6.833333333333333e-05,4.44,0.026644393801689148,21.101682714734757,2
3,0.031222467361068405,0.0001,4.49,0.020099906250834465,17.709863545554025,2
4,0.035658709553850663,9.966191788709713e-05,4.49,0.02063630521297455,18.303788999829976,2
5,0.0306444186465563,9.865224352899118e-05,4.5,0.016988957300782204,15.709980397905623,2
6,0.02515936308112499,9.698463103929538e-05,4.52,0.01588505506515503,14.83897625241961,2
7,0.02145565943037336,9.46816320161706e-05,4.48,0.01593884266912937,15.14264336177281,2
8,0.020035302694383507,9.177439057064681e-05,4.49,0.015728257596492767,14.887187816074917,2
9,0.01579136074193426,8.830222215594887e-05,4.49,0.01578875258564949,15.173140089852469,2
10,0.021223159701991325,8.431208189343663e-05,4.53,0.016373252496123314,15.397260600498743,2
11,0.020437293132213322,7.985792958513922e-05,4.49,0.015355603769421577,14.998382334027971,2
12,0.01283983452044226,7.499999999999993e-05,4.52,0.015022222883999348,14.705578831263951,2
13,0.012114580900005594,6.980398830195776e-05,4.47,0.013921080157160759,13.904706439971923,2
14,0.010708761089984831,6.434016163555445e-05,4.49,0.013473445549607277,13.690286660875595,2
15,0.008516756669819556,5.8682408883346484e-05,4.5,0.01406981609761715,14.090367516108923,2
16,0.008615606288249427,5.2907241445523744e-05,4.46,0.0157617200165987,15.178945884704591,2
17,0.011259236676631042,4.709275855447618e-05,4.49,0.016175348311662674,15.331937705448695,2
18,0.008038503942205696,4.131759111665344e-05,4.49,0.015153673477470875,14.792946613856726,2
19,0.006743312287899489,3.565983836444545e-05,4.47,0.014769332483410835,14.523194073268346,2
20,0.00744682939949672,3.019601169804214e-05,4.5,0.014835710637271404,14.550510711669924,2
21,0.006647888330327398,2.4999999999999998e-05,4.5,0.014434228651225567,14.361129520961217,2
22,0.005893354042986962,2.014207041486068e-05,4.47,0.014276613481342793,14.186350378308978,2
23,0.005357828151711539,1.5687918106563306e-05,4.51,0.014528569765388966,14.343766108921598,2
24,0.005297280995905198,1.1697777844051092e-05,4.49,0.014923241920769215,14.463766539437431,2
25,0.005346270726452506,8.225609429353162e-06,4.46,0.014906498603522778,14.462604628971645,2
26,0.004863343752190672,5.318367983829389e-06,4.49,0.015171525068581104,14.641977143968855,2
27,0.003812812718663465,3.0153689607045815e-06,4.47,0.015230619348585606,14.654169257027762,2
28,0.0036664087108235705,1.3477564710088083e-06,4.49,0.015112650580704212,14.605269282204764,2
29,0.0041964642178091045,3.3808211290284824e-07,4.47,0.015095924027264118,14.606281335013254,2
30,0.004445713837756901,0.0,4.48,0.015076011419296265,14.596587235586984,2
1,0.06506411124624915,3.666666666666667e-05,4.49,0.046865250915288925,32.39585087115948,3
2,0.04246598097017488,6.833333333333333e-05,4.5,0.01630146987736225,15.619806530292216,3
3,0.0384176561508227,0.0001,4.52,0.015449855476617813,15.172851832463191,3
4,0.027839051333029528,9.966191788709713e-05,4.48,0.014109896495938301,14.415426142032327,3
5,0.02643330751389668,9.865224352899118e-05,4.49,0.012366408482193947,13.15792392730713,3
6,0.023862113999957975,9.698463103929538e-05,4.48,0.012035053223371506,13.078130218799297,3
7,0.02138803744487263,9.46816320161706e-05,4.48,0.01109309121966362,12.2498526426462,3
8,0.020123727305011975,9.177439057064681e-05,4.48,0.010260195471346378,11.365589568798358,3
9,0.018183258085234744,8.830222215594887e-05,4.47,0.009396357461810112,10.53087154975304,3
10,0.01596085910018332,8.431208189343663e-05,4.5,0.009010112844407558,10.324326463846061,3
11,0.012600763103094053,7.985792958513922e-05,4.48,0.009857958182692528,10.896269569396972,3
12,0.013104710734222789,7.499999999999993e-05,4.48,0.009918100200593472,10.828926874307482,3
13,0.009122839380005325,6.980398830195776e-05,4.48,0.010040873661637306,11.083430993006779,3
14,0.008233725804382482,6.434016163555445e-05,4.51,0.010627741925418377,11.577638310652512,3
15,0.0103220948257257,5.8682408883346484e-05,4.46,0.010482309386134148,11.754313779977648,3
16,0.008263654833835727,5.2907241445523744e-05,4.5,0.010890349745750427,11.813778638106122,3
17,0.00914801291592822,4.709275855447618e-05,4.47,0.010610343888401985,11.54257846392118,3
18,0.0074567542430265124,4.131759111665344e-05,4.48,0.0107182702049613,11.643167192018947,3
19,0.009638521656696056,3.565983836444545e-05,4.5,0.010530849918723106,11.641795676304744,3
20,0.005690224301950955,3.019601169804214e-05,4.5,0.010220526717603207,11.339566415640023,3
21,0.006141149482966677,2.4999999999999998e-05,4.46,0.009961958043277264,11.14629148483276,3
22,0.0049424605267877515,2.014207041486068e-05,4.54,0.010340769775211811,11.492423113309416,3
23,0.005099359473427506,1.5687918106563306e-05,4.48,0.010193664580583572,11.472788929572468,3
24,0.005080237602374541,1.1697777844051092e-05,4.53,0.009941971860826015,11.319151263603793,3
25,0.004981735073080337,8.225609429353162e-06,4.46,0.010117934085428715,11.367016507662255,3
26,0.005171365626911457,5.318367983829389e-06,4.48,0.010254447348415852,11.508139692453234,3
27,0.003799100680201239,3.0153689607045815e-06,4.52,0.01016279123723507,11.484562112368065,3
28,0.003538290092192993,1.3477564710088083e-06,4.51,0.010064264759421349,11.420920197413514,3
29,0.004432312002078303,3.3808211290284824e-07,4.52,0.01018837746232748,11.536452825986418,3
30,0.0036449675555215093,0.0,4.49,0.010225136764347553,11.576751324580261,3
1,0.06835995805569184,3.666666666666665e-05,4.72,0.05246494337916374,34.6287325592041,4
2,0.04492254645969623,6.833333333333329e-05,4.72,0.03316384181380272,23.99227694702148,4
3,0.028908512137161616,0.0001,4.72,0.02965358830988407,22.350828887939453,4
4,0.031160845851095822,9.966191788709719e-05,4.75,0.04033508896827698,28.58196146965027,4
5,0.024425353974294968,9.865224352899119e-05,4.74,0.03505583107471466,25.74317348480225,4
6,0.016427354170725897,9.698463103929538e-05,4.73,0.036327797919511795,26.181441486358644,4
7,0.01669786474070488,9.468163201617057e-05,4.72,0.04197237640619278,29.892406442642216,4
8,0.021691759994540077,9.17743905706468e-05,4.7,0.043695129454135895,30.431622854232785,4
9,0.01631002640351653,8.830222215594882e-05,4.75,0.04311242699623108,30.165585599899295,4
10,0.015190444695643889,8.431208189343657e-05,4.75,0.043259430676698685,30.17536126708984,4
11,0.010967690258836135,7.985792958513918e-05,4.72,0.04335668683052063,30.363890806198118,4
12,0.010568564966655312,7.499999999999986e-05,4.75,0.04354368895292282,30.4810218963623,4
13,0.01016241376950907,6.980398830195774e-05,4.74,0.04422985762357712,30.708822885513303,4
14,0.008859460537608426,6.43401616355544e-05,4.74,0.044822029769420624,30.81613998222351,4
15,0.008230398880699888,5.8682408883346464e-05,4.7,0.04332320764660835,30.03625764656067,4
16,0.008481015719903203,5.2907241445523744e-05,4.75,0.043371789157390594,30.080461881637575,4
17,0.008624064151006632,4.7092758554476186e-05,4.7,0.04516196995973587,30.9472641544342,4
18,0.006524856196334347,4.131759111665345e-05,4.73,0.04367469996213913,30.2044998550415,4
19,0.00581651793506283,3.5659838364445444e-05,4.75,0.04198659956455231,29.217667160034175,4
20,0.006122387820281661,3.0196011698042126e-05,4.75,0.043514981865882874,30.086960533142086,4
21,0.00567730157994307,2.4999999999999974e-05,4.72,0.04431527480483055,30.60352092552185,4
22,0.005250318799740993,2.014207041486065e-05,4.76,0.04474139213562012,30.854229095458983,4
23,0.005413680585125127,1.56879181065633e-05,4.75,0.04703664034605026,32.23394046592712,4
24,0.004254101005454476,1.169777784405109e-05,4.74,0.04583248496055603,31.514690406799314,4
25,0.0041892163348026,8.225609429353153e-06,4.74,0.04561499506235123,31.370230205535886,4
26,0.003918348661570165,5.31836798382938e-06,4.73,0.04525517672300339,31.155834587097168,4
27,0.003286575225408738,3.0153689607045777e-06,4.7,0.044403690844774246,30.668340375900264,4
28,0.0035496520741174044,1.3477564710088068e-06,4.74,0.04490558058023453,30.928499391555782,4
29,0.0048057083652402535,3.380821129028481e-07,4.75,0.04522395879030228,31.090389373779296,4
30,0.0038715397509244773,0.0,4.72,0.04495089873671532,30.93445589828491,4
1,0.05562337007569639,3.666666666666664e-05,4.59,0.1116875484585762,64.7030273660024,5
2,0.03882410764498146,6.833333333333326e-05,4.59,0.07761814445257187,47.012661821047466,5
3,0.02483405629908176,0.0001,4.6,0.058216601610183716,37.04360547701518,5
4,0.025172237245562046,9.96619178870972e-05,4.59,0.052802566438913345,34.05195253372192,5
5,0.019201372529527073,9.865224352899117e-05,4.61,0.055496882647275925,36.06458941618602,5
6,0.01949705189633134,9.698463103929542e-05,4.63,0.050932180136442184,33.9435253461202,5
7,0.015173780180415824,9.468163201617066e-05,4.59,0.053194496780633926,35.012672972679134,5
8,0.013508738729318506,9.177439057064685e-05,4.64,0.05115163326263428,34.16141282717387,5
9,0.012537618455673126,8.830222215594893e-05,4.63,0.049371302127838135,33.22953012784322,5
10,0.01114995718786591,8.431208189343675e-05,4.58,0.04531325772404671,30.61738454500834,5
11,0.009003883086782145,7.985792958513936e-05,4.6,0.04655994102358818,31.07174872557322,5
12,0.008193082427360901,7.500000000000003e-05,4.6,0.04542270675301552,30.482960424423215,5
13,0.007356076911827059,6.980398830195782e-05,4.6,0.043281733989715576,29.459167652130123,5
14,0.008541263707325254,6.434016163555445e-05,4.63,0.04376326501369476,29.73754582722982,5
15,0.008448457878426109,5.868240888334644e-05,4.61,0.0428466759622097,29.35218844731649,5
16,0.00698559155448732,5.29072414455237e-05,4.59,0.04230094328522682,29.0367999458313,5
17,0.006533218366951731,4.7092758554476145e-05,4.62,0.04268034175038338,29.22146316210429,5
18,0.005648547179972459,4.131759111665342e-05,4.65,0.041390810161828995,28.431704241434733,5
19,0.004215831332227313,3.565983836444545e-05,4.6,0.04033498838543892,27.686318655014038,5
20,0.005286056284890755,3.0196011698042122e-05,4.61,0.040827520191669464,27.996630229949954,5
21,0.0038949413574300706,2.4999999999999967e-05,4.6,0.0418093204498291,28.44003808339437,5
22,0.004274398515821974,2.0142070414860674e-05,4.59,0.042512714862823486,29.043634850184123,5
23,0.004190335960102905,1.5687918106563306e-05,4.62,0.04190662503242493,28.729492305119834,5
24,0.0038499001713812745,1.1697777844051094e-05,4.62,0.04169578477740288,28.652419029871623,5
25,0.003130469094398186,8.22560942935316e-06,4.57,0.041557397693395615,28.553993085225425,5
26,0.0036262847915120226,5.3183679838293835e-06,4.61,0.04206504300236702,28.85844574292501,5
27,0.0026971059116093735,3.0153689607045815e-06,4.63,0.04200543835759163,28.774077116648357,5
28,0.0031165002284596036,1.3477564710088087e-06,4.59,0.042037323117256165,28.76542752901713,5
29,0.0032040744554251432,3.3808211290284867e-07,4.62,0.04213149845600128,28.805065333048503,5
30,0.0029011449261911607,0.0,4.64,0.0421941876411438,28.83344413757324,5
1,0.07112259107331435,3.6666666666666666e-05,4.36,0.03345214203000069,25.298288538614905,6
2,0.04259503919941684,6.833333333333335e-05,4.36,0.022554075345396996,18.563077468872073,6
3,0.03071983593205611,0.0001,4.38,0.022779077291488647,18.603547223409016,6
4,0.032813768445824586,9.966191788709717e-05,4.34,0.023012680932879448,18.717211088816324,6
5,0.026983803539122973,9.865224352899125e-05,4.37,0.020989207550883293,17.4854186630249,6
6,0.025989739793456264,9.698463103929548e-05,4.38,0.02184191718697548,17.775780576070147,6
7,0.021166575969093375,9.468163201617068e-05,4.35,0.022086726501584053,17.986079689025875,6
8,0.0187353148099242,9.177439057064694e-05,4.37,0.01952584832906723,16.168595156351724,6
9,0.01790027497594969,8.830222215594897e-05,4.34,0.020920252427458763,17.374107882181807,6
10,0.014556037430237565,8.431208189343676e-05,4.38,0.02066183276474476,17.413723622639974,6
11,0.013927314857331416,7.985792958513938e-05,4.39,0.022795481607317924,18.887413703918455,6
12,0.012443033499746688,7.500000000000007e-05,4.38,0.021068867295980453,17.847039019266767,6
13,0.012787976431556873,6.980398830195791e-05,4.37,0.022714639082551003,18.965346015930177,6
14,0.010081586185454702,6.434016163555455e-05,4.37,0.02389713190495968,19.686873942057293,6
15,0.008316016885348491,5.8682408883346586e-05,4.39,0.023935725912451744,19.681999076843265,6
16,0.009438707493245602,5.2907241445523846e-05,4.38,0.02107437700033188,17.770338882446293,6
17,0.00867438522982411,4.709275855447626e-05,4.37,0.01937660202383995,16.43629526265462,6
18,0.006834453793190833,4.131759111665351e-05,4.38,0.018596939742565155,15.712868626912435,6
19,0.007516699739628368,3.5659838364445525e-05,4.37,0.018357818946242332,15.5442200978597,6
20,0.006634735851548612,3.0196011698042173e-05,4.36,0.018729083240032196,15.792414362589518,6
21,0.0069843231984931566,2.500000000000001e-05,4.36,0.018995707854628563,15.9731437886556,6
22,0.006846857250719849,2.0142070414860708e-05,4.36,0.02031295746564865,16.867623174031575,6
23,0.006304176149165465,1.568791810656332e-05,4.36,0.019768409430980682,16.44263792673747,6
24,0.004536625065763171,1.1697777844051082e-05,4.38,0.01955542154610157,16.324414202372235,6
25,0.005775864669380503,8.225609429353167e-06,4.36,0.02014676295220852,16.720423990885415,6
26,0.004808053043638615,5.31836798382939e-06,4.38,0.020184796303510666,16.77707580312093,6
27,0.004307450283603329,3.015368960704585e-06,4.36,0.02001262456178665,16.667754971822102,6
28,0.0039002667617751285,1.3477564710088102e-06,4.37,0.020255867391824722,16.847774668375653,6
29,0.004393856476073981,3.3808211290284914e-07,4.36,0.020312989130616188,16.889322825113933,6
30,0.00447858755554383,0.0,4.35,0.02027958631515503,16.867004493713377,6
1,0.0802130840114645,3.666666666666667e-05,4.53,0.03546265885233879,26.7479491342817,7
2,0.035100538384270026,6.833333333333333e-05,4.52,0.031340837478637695,25.01151554652623,7
3,0.03430855712173758,0.0001,4.5,0.03331975266337395,25.94175712585449,7
4,0.028666982364312216,9.966191788709713e-05,4.48,0.039690371602773666,28.97355445044381,7
5,0.024454789991314348,9.865224352899118e-05,4.5,0.040998172014951706,29.378176578794207,7
6,0.02074523370813679,9.698463103929538e-05,4.51,0.04305382817983627,30.47624548230852,7
7,0.018562801937396463,9.46816320161706e-05,4.49,0.0425780713558197,30.148239112581525,7
8,0.0199799793017273,9.177439057064681e-05,4.52,0.04539629817008972,31.677857527051653,7
9,0.015042953067333312,8.830222215594887e-05,4.46,0.04539640620350838,31.63854621069772,7
10,0.014509049716179032,8.431208189343663e-05,4.49,0.044998493045568466,31.40200312886919,7
11,0.014001463382580393,7.985792958513922e-05,4.51,0.040989525616168976,29.32890664918082,7
12,0.012316777314235633,7.499999999999993e-05,4.51,0.047438204288482666,32.95538820539202,7
13,0.009257789197805765,6.980398830195776e-05,4.47,0.04906727746129036,33.892312731061665,7
14,0.010528459188503187,6.434016163555445e-05,4.48,0.04463915154337883,31.4345737184797,7
15,0.008906059599531864,5.8682408883346484e-05,4.48,0.041622377932071686,29.77704254422869,7
16,0.007907941518980707,5.2907241445523744e-05,4.51,0.04373322054743767,30.892134496143886,7
17,0.009892682433191285,4.709275855447618e-05,4.51,0.04415896534919739,31.246541344778876,7
18,0.006498068832238582,4.131759111665344e-05,4.46,0.04880997911095619,33.6015078490121,7
19,0.009095834832437135,3.565983836444545e-05,4.5,0.051903482526540756,35.29998123441423,7
20,0.006389252529982981,3.019601169804214e-05,4.48,0.05121392756700516,34.999116674150734,7
21,0.00538001412752311,2.4999999999999998e-05,4.52,0.04708649590611458,32.91941225324358,7
22,0.005455314486155387,2.014207041486068e-05,4.48,0.04461968317627907,31.639861292157853,7
23,0.004468098592730491,1.5687918106563306e-05,4.47,0.04678523913025856,32.709910918644496,7
24,0.004711747512447875,1.1697777844051092e-05,4.51,0.04623829945921898,32.438040169307165,7
25,0.004698606075819682,8.225609429353162e-06,4.5,0.04561880975961685,32.07330940246582,7
26,0.004205161186463728,5.318367983829389e-06,4.49,0.04579618573188782,32.22699469975063,7
27,0.0033845835226915173,3.0153689607045815e-06,4.49,0.04601997882127762,32.3625124331883,7
28,0.00394206348101835,1.3477564710088083e-06,4.49,0.046380676329135895,32.54398820877075,7
29,0.00427615741972585,3.3808211290284824e-07,4.5,0.04659419134259224,32.64337319782802,7
30,0.003445677221689776,0.0,4.51,0.046699512749910355,32.69615273611886,7
