config,seed,fold,id,tool,run,blade,vb_true,vb_pred
s1_crop224,0,1,T1R2B1,1,2,1,34.89,68.25516
s1_crop224,0,1,T1R2B2,1,2,2,52.5,35.589924
s1_crop224,0,1,T1R2B3,1,2,3,52.76,43.892
s1_crop224,0,1,T1R2B4,1,2,4,44.5,29.527166
s1_crop224,0,1,T1R3B1,1,3,1,39.9,48.498966
s1_crop224,0,1,T1R3B2,1,3,2,60.17,34.43966
s1_crop224,0,1,T1R3B3,1,3,3,55.71,43.153656
s1_crop224,0,1,T1R3B4,1,3,4,49.43,64.01782
s1_crop224,0,1,T1R4B1,1,4,1,55.07,40.829998
s1_crop224,0,1,T1R4B2,1,4,2,62.96,30.417475
s1_crop224,0,1,T1R4B3,1,4,3,73.87,47.27645
s1_crop224,0,1,T1R4B4,1,4,4,63.93,62.94472
s1_crop224,0,1,T1R5B1,1,5,1,66.79,48.997517
s1_crop224,0,1,T1R5B2,1,5,2,64.39,56.752037
s1_crop224,0,1,T1R5B3,1,5,3,78.2,68.5456
s1_crop224,0,1,T1R5B4,1,5,4,72.43,51.61102
s1_crop224,0,1,T1R6B1,1,6,1,72.7,94.09799
s1_crop224,0,1,T1R6B2,1,6,2,69.9,91.47502
s1_crop224,0,1,T1R6B3,1,6,3,85.18,104.31291
s1_crop224,0,1,T1R6B4,1,6,4,78.11,105.95169
s1_crop224,0,1,T1R7B1,1,7,1,74.94,106.683685
s1_crop224,0,1,T1R7B2,1,7,2,81.86,111.12334
s1_crop224,0,1,T1R7B3,1,7,3,88.48,92.47591
s1_crop224,0,1,T1R7B4,1,7,4,85.41,91.386566
s1_crop224,0,1,T1R8B1,1,8,1,75.92,103.32972
s1_crop224,0,1,T1R8B2,1,8,2,97.17,100.15948
s1_crop224,0,1,T1R8B3,1,8,3,95.96,104.02243
s1_crop224,0,1,T1R8B4,1,8,4,110.81,98.15638
s1_crop224,0,1,T1R9B1,1,9,1,102.15,100.19183
s1_crop224,0,1,T1R9B2,1,9,2,109.34,106.8125
s1_crop224,0,1,T1R9B3,1,9,3,118.61,95.73313
s1_crop224,0,1,T1R9B4,1,9,4,118.03,94.23987
s1_crop224,0,1,T1R10B1,1,10,1,122.4,120.424355
s1_crop224,0,1,T1R10B2,1,10,2,127.92,134.0178
s1_crop224,0,1,T1R10B3,1,10,3,123.61,134.5122
s1_crop224,0,1,T1R10B4,1,10,4,121.19,121.95615
s1_crop224,0,1,T1R11B1,1,11,1,139.58,155.19218
s1_crop224,0,1,T1R11B2,1,11,2,136.69,127.38003
s1_crop224,0,1,T1R11B3,1,11,3,147.84,167.41695
s1_crop224,0,1,T1R11B4,1,11,4,124.31,150.1124
s1_crop224,0,2,T2R1B1,2,1,1,23.13,38.375813
s1_crop224,0,2,T2R1B2,2,1,2,24.99,43.408863
s1_crop224,0,2,T2R1B3,2,1,3,33.33,46.49764
s1_crop224,0,2,T2R1B4,2,1,4,31.57,38.424694
s1_crop224,0,2,T2R2B1,2,2,1,30.72,132.4265
s1_crop224,0,2,T2R2B2,2,2,2,32.43,128.85812
s1_crop224,0,2,T2R2B3,2,2,3,45.13,118.57062
s1_crop224,0,2,T2R2B4,2,2,4,35.41,118.20742
s1_crop224,0,2,T2R3B1,2,3,1,33.85,84.17114
s1_crop224,0,2,T2R3B2,2,3,2,42.84,93.31672
s1_crop224,0,2,T2R3B3,2,3,3,50.62,60.678036
s1_crop224,0,2,T2R3B4,2,3,4,61.66,91.70303
s1_crop224,0,2,T2R4B1,2,4,1,57.09,65.77605
s1_crop224,0,2,T2R4B2,2,4,2,60.89,75.02699
s1_crop224,0,2,T2R4B3,2,4,3,60.22,44.08514
s1_crop224,0,2,T2R4B4,2,4,4,63.85,68.54437
s1_crop224,0,2,T2R5B1,2,5,1,65.2,76.339745
s1_crop224,0,2,T2R5B2,2,5,2,67.92,77.63011
s1_crop224,0,2,T2R5B3,2,5,3,72.47,77.67497
s1_crop224,0,2,T2R5B4,2,5,4,67.77,70.42189
s1_crop224,0,2,T2R6B1,2,6,1,76.01,76.654465
s1_crop224,0,2,T2R6B2,2,6,2,79.28,79.290855
s1_crop224,0,2,T2R6B3,2,6,3,81.07,77.01717
s1_crop224,0,2,T2R6B4,2,6,4,82.5,83.40326
s1_crop224,0,2,T2R7B1,2,7,1,81.63,70.02102
s1_crop224,0,2,T2R7B2,2,7,2,90.49,82.22317
s1_crop224,0,2,T2R7B3,2,7,3,86.95,66.626114
s1_crop224,0,2,T2R7B4,2,7,4,85.57,79.27354
s1_crop224,0,2,T2R8B1,2,8,1,86.76,67.43596
s1_crop224,0,2,T2R8B2,2,8,2,91.57,85.68498
s1_crop224,0,2,T2R8B3,2,8,3,91.23,68.89482
s1_crop224,0,2,T2R8B4,2,8,4,94.61,72.70439
s1_crop224,0,2,T2R9B1,2,9,1,91.91,94.064156
s1_crop224,0,2,T2R9B2,2,9,2,92.17,78.853294
s1_crop224,0,2,T2R9B3,2,9,3,95.06,82.75346
s1_crop224,0,2,T2R9B4,2,9,4,96.54,91.40488
s1_crop224,0,2,T2R11B1,2,11,1,109.66,103.36971
s1_crop224,0,2,T2R11B2,2,11,2,107.11,91.27579
s1_crop224,0,2,T2R11B3,2,11,3,103.62,76.08266
s1_crop224,0,2,T2R11B4,2,11,4,112.3,96.57356
s1_crop224,0,2,T2R12B1,2,12,1,112.75,72.943214
s1_crop224,0,2,T2R12B2,2,12,2,116.69,107.41183
s1_crop224,0,2,T2R12B3,2,12,3,106.86,97.32616
s1_crop224,0,2,T2R12B4,2,12,4,117.87,89.30899
s1_crop224,0,2,T2R13B1,2,13,1,117.12,124.77511
s1_crop224,0,2,T2R13B2,2,13,2,145.06,106.34384
s1_crop224,0,2,T2R13B3,2,13,3,132.72,111.65909
s1_crop224,0,2,T2R13B4,2,13,4,122.59,121.94036
s1_crop224,0,2,T2R14B1,2,14,1,125.88,150.21074
s1_crop224,0,2,T2R14B2,2,14,2,147.16,176.0444
s1_crop224,0,2,T2R14B3,2,14,3,140.86,126.86066
s1_crop224,0,2,T2R14B4,2,14,4,141.62,157.98962
s1_crop224,0,2,T2R15B1,2,15,1,129.06,144.81651
s1_crop224,0,2,T2R15B2,2,15,2,174.56,153.95761
s1_crop224,0,2,T2R15B3,2,15,3,142.84,143.09816
s1_crop224,0,2,T2R15B4,2,15,4,158.19,165.69783
s1_crop224,0,3,T3R1B1,3,1,1,27.58,38.94453
s1_crop224,0,3,T3R1B2,3,1,2,30.11,47.443085
s1_crop224,0,3,T3R1B3,3,1,3,34.81,37.087162
s1_crop224,0,3,T3R1B4,3,1,4,33.74,38.909084
s1_crop224,0,3,T3R2B1,3,2,1,41.69,51.192932
s1_crop224,0,3,T3R2B2,3,2,2,33.29,32.817936
s1_crop224,0,3,T3R2B3,3,2,3,43.8,57.525234
s1_crop224,0,3,T3R2B4,3,2,4,43.04,59.61696
s1_crop224,0,3,T3R3B1,3,3,1,46.49,56.10108
s1_crop224,0,3,T3R3B2,3,3,2,45.83,51.78475
s1_crop224,0,3,T3R3B3,3,3,3,68.47,58.30842
s1_crop224,0,3,T3R3B4,3,3,4,55.99,64.21975
s1_crop224,0,3,T3R4B1,3,4,1,56.79,73.53454
s1_crop224,0,3,T3R4B2,3,4,2,55.63,55.045963
s1_crop224,0,3,T3R4B3,3,4,3,69.35,53.80829
s1_crop224,0,3,T3R4B4,3,4,4,61.8,84.12995
s1_crop224,0,3,T3R5B1,3,5,1,97.68,103.144035
s1_crop224,0,3,T3R5B2,3,5,2,74.35,71.68611
s1_crop224,0,3,T3R5B3,3,5,3,86.06,76.228874
s1_crop224,0,3,T3R5B4,3,5,4,113.03,122.87305
s1_crop224,0,3,T3R6B1,3,6,1,115.64,116.92253
s1_crop224,0,3,T3R6B2,3,6,2,78.12,90.56779
s1_crop224,0,3,T3R6B3,3,6,3,91.83,94.2105
s1_crop224,0,3,T3R6B4,3,6,4,127.16,126.67364
s1_crop224,0,3,T3R7B1,3,7,1,117.34,120.86464
s1_crop224,0,3,T3R7B2,3,7,2,81.45,77.89908
s1_crop224,0,3,T3R7B3,3,7,3,107.15,103.39525
s1_crop224,0,3,T3R7B4,3,7,4,136.31,117.23065
s1_crop224,0,3,T3R8B1,3,8,1,124.15,118.67318
s1_crop224,0,3,T3R8B2,3,8,2,84.6,90.76377
s1_crop224,0,3,T3R8B3,3,8,3,108.82,99.42505
s1_crop224,0,3,T3R8B4,3,8,4,136.47,120.71842
s1_crop224,0,3,T3R9B1,3,9,1,126.17,109.096954
s1_crop224,0,3,T3R9B2,3,9,2,99.27,87.402084
s1_crop224,0,3,T3R9B3,3,9,3,109.04,98.05143
s1_crop224,0,3,T3R9B4,3,9,4,139.06,105.608986
s1_crop224,0,3,T3R10B1,3,10,1,128.39,105.974754
s1_crop224,0,3,T3R10B2,3,10,2,103.19,86.2694
s1_crop224,0,3,T3R10B3,3,10,3,119.72,88.07681
s1_crop224,0,3,T3R10B4,3,10,4,148.43,108.274376
s1_crop224,0,3,T3R11B1,3,11,1,131.72,104.978264
s1_crop224,0,3,T3R11B2,3,11,2,120.64,93.648224
s1_crop224,0,3,T3R11B3,3,11,3,147.39,112.41362
s1_crop224,0,3,T3R11B4,3,11,4,150.04,109.87668
s1_crop224,0,3,T3R12B1,3,12,1,135.16,130.64229
s1_crop224,0,3,T3R12B2,3,12,2,124.81,112.94187
s1_crop224,0,3,T3R12B3,3,12,3,150.37,105.88515
s1_crop224,0,3,T3R12B4,3,12,4,159.77,139.20999
s1_crop224,0,3,T3R13B1,3,13,1,160.44,140.57268
s1_crop224,0,3,T3R13B2,3,13,2,154.77,152.10204
s1_crop224,0,3,T3R13B3,3,13,3,162.96,146.20195
s1_crop224,0,3,T3R13B4,3,13,4,170.07,145.83606
s1_crop224,0,4,T4R1B1,4,1,1,39.05,36.08982
s1_crop224,0,4,T4R1B2,4,1,2,43.66,38.993656
s1_crop224,0,4,T4R1B3,4,1,3,47.85,37.04474
s1_crop224,0,4,T4R1B4,4,1,4,56.29,50.266106
s1_crop224,0,4,T4R2B1,4,2,1,41.4,30.000126
s1_crop224,0,4,T4R2B2,4,2,2,44.01,34.29088
s1_crop224,0,4,T4R2B3,4,2,3,54.24,34.39568
s1_crop224,0,4,T4R2B4,4,2,4,58.22,55.88241
s1_crop224,0,4,T4R3B1,4,3,1,45.55,24.113071
s1_crop224,0,4,T4R3B2,4,3,2,50.03,28.574402
s1_crop224,0,4,T4R3B3,4,3,3,58.57,31.919617
s1_crop224,0,4,T4R3B4,4,3,4,66.11,69.221245
s1_crop224,0,4,T4R4B1,4,4,1,48.98,35.46204
s1_crop224,0,4,T4R4B2,4,4,2,59.84,33.6784
s1_crop224,0,4,T4R4B3,4,4,3,68.26,44.490685
s1_crop224,0,4,T4R4B4,4,4,4,84.8,60.38729
s1_crop224,0,4,T4R5B1,4,5,1,56.72,39.764034
s1_crop224,0,4,T4R5B2,4,5,2,64.35,42.641193
s1_crop224,0,4,T4R5B3,4,5,3,79.89,44.550682
s1_crop224,0,4,T4R5B4,4,5,4,94.12,65.26085
s1_crop224,0,4,T4R10B1,4,10,1,104.52,66.93948
s1_crop224,0,4,T4R10B2,4,10,2,112.62,52.750362
s1_crop224,0,4,T4R10B3,4,10,3,121.26,76.39784
s1_crop224,0,4,T4R10B4,4,10,4,123.38,89.35028
s1_crop224,0,4,T4R11B1,4,11,1,110.22,59.01801
s1_crop224,0,4,T4R11B2,4,11,2,116.54,62.702923
s1_crop224,0,4,T4R11B3,4,11,3,124.45,82.51726
s1_crop224,0,4,T4R11B4,4,11,4,127.38,95.20619
s1_crop224,0,4,T4R12B1,4,12,1,116.78,67.21424
s1_crop224,0,4,T4R12B2,4,12,2,120.16,66.93295
s1_crop224,0,4,T4R12B3,4,12,3,131.37,92.39447
s1_crop224,0,4,T4R12B4,4,12,4,136.51,70.74646
s1_crop224,0,4,T4R13B1,4,13,1,139.27,87.29541
s1_crop224,0,4,T4R13B2,4,13,2,145.45,85.05362
s1_crop224,0,4,T4R13B3,4,13,3,164.1,124.11821
s1_crop224,0,4,T4R13B4,4,13,4,161.09,118.36862
s1_crop224,0,4,T4R14B1,4,14,1,146.06,120.28682
s1_crop224,0,4,T4R14B2,4,14,2,193.18,123.215225
s1_crop224,0,4,T4R14B3,4,14,3,197.59,135.23317
s1_crop224,0,4,T4R14B4,4,14,4,253.62,133.48587
s1_crop224,0,5,T5R1B1,5,1,1,22.55,37.07363
s1_crop224,0,5,T5R1B2,5,1,2,23.19,42.67603
s1_crop224,0,5,T5R1B3,5,1,3,32.11,51.063026
s1_crop224,0,5,T5R1B4,5,1,4,37.74,51.85774
s1_crop224,0,5,T5R2B1,5,2,1,45.62,46.221027
s1_crop224,0,5,T5R2B2,5,2,2,40.08,51.05623
s1_crop224,0,5,T5R2B3,5,2,3,51.78,84.39489
s1_crop224,0,5,T5R2B4,5,2,4,55.23,57.884205
s1_crop224,0,5,T5R3B1,5,3,1,74.49,65.69441
s1_crop224,0,5,T5R3B2,5,3,2,52.29,53.87466
s1_crop224,0,5,T5R3B3,5,3,3,90.62,99.56214
s1_crop224,0,5,T5R3B4,5,3,4,97.89,89.743004
s1_crop224,0,5,T5R4B1,5,4,1,81.69,72.09553
s1_crop224,0,5,T5R4B2,5,4,2,61.23,75.84849
s1_crop224,0,5,T5R4B3,5,4,3,107.95,100.44505
s1_crop224,0,5,T5R4B4,5,4,4,121.2,102.74953
s1_crop224,0,5,T5R5B1,5,5,1,100.84,103.586945
s1_crop224,0,5,T5R5B2,5,5,2,73.04,74.34545
s1_crop224,0,5,T5R5B3,5,5,3,114.2,111.8698
s1_crop224,0,5,T5R5B4,5,5,4,133.51,119.34925
s1_crop224,0,5,T5R6B1,5,6,1,115.71,101.40116
s1_crop224,0,5,T5R6B2,5,6,2,75.35,71.738625
s1_crop224,0,5,T5R6B3,5,6,3,121.09,111.71869
s1_crop224,0,5,T5R6B4,5,6,4,138.26,140.69478
s1_crop224,0,5,T5R7B1,5,7,1,116.92,136.52786
s1_crop224,0,5,T5R7B2,5,7,2,76.26,104.953575
s1_crop224,0,5,T5R7B3,5,7,3,141.22,99.76063
s1_crop224,0,5,T5R7B4,5,7,4,150.95,124.403534
s1_crop224,0,5,T5R8B1,5,8,1,119.92,142.70671
s1_crop224,0,5,T5R8B2,5,8,2,98.06,106.87797
s1_crop224,0,5,T5R8B3,5,8,3,150.49,116.29724
s1_crop224,0,5,T5R8B4,5,8,4,153.27,126.72916
s1_crop224,0,5,T5R9B1,5,9,1,133.19,137.02858
s1_crop224,0,5,T5R9B2,5,9,2,132.72,158.77905
s1_crop224,0,5,T5R9B3,5,9,3,169.84,158.32436
s1_crop224,0,5,T5R9B4,5,9,4,195.86,139.65224
s1_crop224,0,5,T5R10B1,5,10,1,142.44,172.1612
s1_crop224,0,5,T5R10B2,5,10,2,139.7,149.07832
s1_crop224,0,5,T5R10B3,5,10,3,204.57,181.23672
s1_crop224,0,5,T5R10B4,5,10,4,213.1,157.7395
s1_crop224,0,5,T5R11B1,5,11,1,173.89,156.84839
s1_crop224,0,5,T5R11B2,5,11,2,169.13,147.02101
s1_crop224,0,5,T5R11B3,5,11,3,269.78,166.8948
s1_crop224,0,5,T5R11B4,5,11,4,227.33,151.56035
s1_crop224,0,5,T5R12B1,5,12,1,334.39,158.95358
s1_crop224,0,5,T5R12B2,5,12,2,212.01,157.62811
s1_crop224,0,5,T5R12B3,5,12,3,346.66,164.95277
s1_crop224,0,5,T5R12B4,5,12,4,333.57,161.118
s1_crop224,0,6,T6R1B1,6,1,1,23.61,37.748695
s1_crop224,0,6,T6R1B2,6,1,2,29.85,39.672626
s1_crop224,0,6,T6R1B3,6,1,3,30.06,62.957977
s1_crop224,0,6,T6R1B4,6,1,4,31.64,56.498867
s1_crop224,0,6,T6R2B1,6,2,1,30.08,70.68696
s1_crop224,0,6,T6R2B2,6,2,2,34.27,52.269268
s1_crop224,0,6,T6R2B3,6,2,3,32.69,52.692467
s1_crop224,0,6,T6R2B4,6,2,4,37.52,72.909325
s1_crop224,0,6,T6R3B1,6,3,1,36.21,44.97651
s1_crop224,0,6,T6R3B2,6,3,2,38.81,50.146942
s1_crop224,0,6,T6R3B3,6,3,3,35.51,45.343796
s1_crop224,0,6,T6R3B4,6,3,4,44.65,77.88022
s1_crop224,0,6,T6R4B1,6,4,1,38.18,42.414562
s1_crop224,0,6,T6R4B2,6,4,2,40.78,43.406097
s1_crop224,0,6,T6R4B3,6,4,3,42.38,46.353252
s1_crop224,0,6,T6R4B4,6,4,4,55.29,53.48713
s1_crop224,0,6,T6R5B1,6,5,1,43.01,50.5807
s1_crop224,0,6,T6R5B2,6,5,2,51.59,45.82326
s1_crop224,0,6,T6R5B3,6,5,3,46.06,53.3219
s1_crop224,0,6,T6R5B4,6,5,4,60.29,55.049534
s1_crop224,0,6,T6R6B1,6,6,1,49.07,56.93529
s1_crop224,0,6,T6R6B2,6,6,2,57.12,54.509384
s1_crop224,0,6,T6R6B3,6,6,3,58.19,56.4513
s1_crop224,0,6,T6R6B4,6,6,4,75.77,54.861576
s1_crop224,0,6,T6R7B1,6,7,1,57.42,57.24548
s1_crop224,0,6,T6R7B2,6,7,2,70.74,62.81914
s1_crop224,0,6,T6R7B3,6,7,3,69.39,53.648132
s1_crop224,0,6,T6R7B4,6,7,4,83.64,69.63467
s1_crop224,0,6,T6R8B1,6,8,1,58.45,57.44582
s1_crop224,0,6,T6R8B2,6,8,2,76.78,63.768482
s1_crop224,0,6,T6R8B3,6,8,3,90.23,64.25366
s1_crop224,0,6,T6R8B4,6,8,4,89.37,83.32997
s1_crop224,0,6,T6R9B1,6,9,1,66.87,62.259926
s1_crop224,0,6,T6R9B2,6,9,2,88.73,71.41402
s1_crop224,0,6,T6R9B3,6,9,3,95.63,55.999046
s1_crop224,0,6,T6R9B4,6,9,4,108.94,62.128494
s1_crop224,0,6,T6R10B1,6,10,1,70.76,71.78839
s1_crop224,0,6,T6R10B2,6,10,2,94.92,95.72349
s1_crop224,0,6,T6R10B3,6,10,3,99.0,92.41403
s1_crop224,0,6,T6R10B4,6,10,4,111.17,102.44011
s1_crop224,0,6,T6R11B1,6,11,1,78.87,68.00992
s1_crop224,0,6,T6R11B2,6,11,2,103.01,92.05082
s1_crop224,0,6,T6R11B3,6,11,3,105.57,72.76677
s1_crop224,0,6,T6R11B4,6,11,4,111.64,87.51666
s1_crop224,0,6,T6R12B1,6,12,1,89.66,63.44365
s1_crop224,0,6,T6R12B2,6,12,2,105.65,80.26868
s1_crop224,0,6,T6R12B3,6,12,3,112.14,88.65054
s1_crop224,0,6,T6R12B4,6,12,4,119.01,74.34677
s1_crop224,0,6,T6R13B1,6,13,1,94.49,77.45858
s1_crop224,0,6,T6R13B2,6,13,2,116.48,85.67198
s1_crop224,0,6,T6R13B3,6,13,3,120.8,98.70094
s1_crop224,0,6,T6R13B4,6,13,4,125.09,86.6729
s1_crop224,0,6,T6R14B1,6,14,1,106.56,86.91462
s1_crop224,0,6,T6R14B2,6,14,2,122.12,78.58901
s1_crop224,0,6,T6R14B3,6,14,3,130.48,85.65265
s1_crop224,0,6,T6R14B4,6,14,4,134.99,100.77353
s1_crop224,0,6,T6R15B1,6,15,1,140.72,84.069
s1_crop224,0,6,T6R15B2,6,15,2,140.87,91.009514
s1_crop224,0,6,T6R15B3,6,15,3,140.92,72.42515
s1_crop224,0,6,T6R15B4,6,15,4,142.62,66.13563
s1_crop224,0,7,T7R1B1,7,1,1,38.56,33.839138
s1_crop224,0,7,T7R1B2,7,1,2,31.85,48.553677
s1_crop224,0,7,T7R1B3,7,1,3,30.75,68.482864
s1_crop224,0,7,T7R1B4,7,1,4,28.89,47.772007
s1_crop224,0,7,T7R2B1,7,2,1,39.18,44.761856
s1_crop224,0,7,T7R2B2,7,2,2,33.28,40.016632
s1_crop224,0,7,T7R2B3,7,2,3,35.51,41.909348
s1_crop224,0,7,T7R2B4,7,2,4,34.38,50.284554
s1_crop224,0,7,T7R3B1,7,3,1,41.06,53.44646
s1_crop224,0,7,T7R3B2,7,3,2,37.31,69.9498
s1_crop224,0,7,T7R3B3,7,3,3,43.52,63.91648
s1_crop224,0,7,T7R3B4,7,3,4,38.98,50.96469
s1_crop224,0,7,T7R4B1,7,4,1,44.15,55.9709
s1_crop224,0,7,T7R4B2,7,4,2,42.39,64.83031
s1_crop224,0,7,T7R4B3,7,4,3,46.0,59.130997
s1_crop224,0,7,T7R4B4,7,4,4,40.66,60.21827
s1_crop224,0,7,T7R5B1,7,5,1,46.8,70.6957
s1_crop224,0,7,T7R5B2,7,5,2,54.83,80.33288
s1_crop224,0,7,T7R5B3,7,5,3,50.12,75.3501
s1_crop224,0,7,T7R5B4,7,5,4,46.49,83.58016
s1_crop224,0,7,T7R6B1,7,6,1,47.56,82.54847
s1_crop224,0,7,T7R6B2,7,6,2,64.72,91.28303
s1_crop224,0,7,T7R6B3,7,6,3,56.43,93.29576
s1_crop224,0,7,T7R6B4,7,6,4,52.14,89.56769
s1_crop224,0,7,T7R7B1,7,7,1,50.15,99.27081
s1_crop224,0,7,T7R7B2,7,7,2,72.28,105.604866
s1_crop224,0,7,T7R7B3,7,7,3,62.18,110.389565
s1_crop224,0,7,T7R7B4,7,7,4,55.8,86.11343
s1_crop224,0,7,T7R8B1,7,8,1,59.17,103.219864
s1_crop224,0,7,T7R8B2,7,8,2,84.34,121.688255
s1_crop224,0,7,T7R8B3,7,8,3,77.05,115.42223
s1_crop224,0,7,T7R8B4,7,8,4,67.97,119.84183
s1_crop224,0,7,T7R9B1,7,9,1,75.53,123.25257
s1_crop224,0,7,T7R9B2,7,9,2,86.31,129.06116
s1_crop224,0,7,T7R9B3,7,9,3,81.36,130.44327
s1_crop224,0,7,T7R9B4,7,9,4,72.93,131.16235
s1_crop224,0,7,T7R10B1,7,10,1,85.81,135.5791
s1_crop224,0,7,T7R10B2,7,10,2,92.23,143.56488
s1_crop224,0,7,T7R10B3,7,10,3,90.85,121.67828
s1_crop224,0,7,T7R10B4,7,10,4,76.68,120.97363
s1_crop224,0,7,T7R11B1,7,11,1,94.11,161.84999
s1_crop224,0,7,T7R11B2,7,11,2,99.02,168.40251
s1_crop224,0,7,T7R11B3,7,11,3,106.0,139.09035
s1_crop224,0,7,T7R11B4,7,11,4,86.75,153.14685
s1_crop224,0,7,T7R12B1,7,12,1,105.22,147.07156
s1_crop224,0,7,T7R12B2,7,12,2,106.12,159.99475
s1_crop224,0,7,T7R12B3,7,12,3,108.79,143.58812
s1_crop224,0,7,T7R12B4,7,12,4,109.61,153.1428
s1_crop224,0,7,T7R13B1,7,13,1,120.14,168.56767
s1_crop224,0,7,T7R13B2,7,13,2,116.06,162.03989
s1_crop224,0,7,T7R13B3,7,13,3,123.53,143.45268
s1_crop224,0,7,T7R13B4,7,13,4,122.41,180.64958
s1_crop224,0,7,T7R14B1,7,14,1,136.4,165.74535
s1_crop224,0,7,T7R14B2,7,14,2,141.49,220.22443
s1_crop224,0,7,T7R14B3,7,14,3,141.91,205.97734
s1_crop224,0,7,T7R14B4,7,14,4,136.36,196.1821
