id,run,blade,true_vb_um,pred_vb_um,abs_error_um
T10R1B1,1,1,32.12,66.26,34.14
T10R1B2,1,2,29.92,80.91,50.99
T10R1B3,1,3,33.67,67.69,34.02
T10R1B4,1,4,35.76,80.54,44.78
T10R2B1,2,1,34.82,35.1,0.28
T10R2B2,2,2,34.49,38.66,4.17
T10R2B3,2,3,35.18,39.59,4.41
T10R2B4,2,4,38.84,37.33,1.51
T10R3B1,3,1,42.32,53.84,11.52
T10R3B2,3,2,42.37,41.95,0.42
T10R3B3,3,3,41.48,40.44,1.04
T10R3B4,3,4,44.26,34.26,10.0
T10R4B1,4,1,49.47,39.08,10.39
T10R4B2,4,2,47.0,44.49,2.51
T10R4B3,4,3,44.79,37.8,6.99
T10R4B4,4,4,50.12,42.19,7.93
T10R5B1,5,1,52.04,49.62,2.42
T10R5B2,5,2,54.74,53.88,0.86
T10R5B3,5,3,54.84,51.73,3.11
T10R5B4,5,4,57.65,49.63,8.02
T10R6B1,6,1,56.86,52.22,4.64
T10R6B2,6,2,64.45,57.33,7.12
T10R6B3,6,3,58.69,57.62,1.07
T10R6B4,6,4,63.1,38.4,24.7
T10R7B1,7,1,66.97,90.73,23.76
T10R7B2,7,2,84.98,95.25,10.27
T10R7B3,7,3,65.21,80.15,14.94
T10R7B4,7,4,67.41,53.66,13.75
T10R8B1,8,1,73.32,95.41,22.09
T10R8B2,8,2,97.96,93.29,4.67
T10R8B3,8,3,69.27,87.48,18.21
T10R8B4,8,4,80.1,83.45,3.35
T10R9B1,9,1,85.59,93.78,8.19
T10R9B2,9,2,97.53,79.52,18.02
T10R9B3,9,3,76.9,76.69,0.21
T10R9B4,9,4,91.13,75.51,15.62
T10R10B1,10,1,95.79,91.07,4.72
T10R10B2,10,2,107.23,90.8,16.43
T10R10B3,10,3,99.05,75.96,23.09
T10R10B4,10,4,99.44,70.25,29.19
T10R11B1,11,1,101.75,95.86,5.89
T10R11B2,11,2,113.94,97.43,16.51
T10R11B3,11,3,100.32,86.32,14.0
T10R11B4,11,4,113.2,73.4,39.8
T10R12B1,12,1,109.31,107.22,2.09
T10R12B2,12,2,120.69,98.85,21.84
T10R12B3,12,3,110.27,90.8,19.47
T10R12B4,12,4,116.2,101.1,15.1
T10R13B1,13,1,122.91,122.42,0.49
T10R13B2,13,2,133.6,110.8,22.8
T10R13B3,13,3,119.93,128.19,8.26
T10R13B4,13,4,121.2,118.65,2.55
T10R14B1,14,1,140.0,117.55,22.45
T10R14B2,14,2,149.68,134.33,15.35
T10R14B3,14,3,150.47,121.91,28.56
T10R14B4,14,4,139.55,141.59,2.04
