tool,machine,layer,VB,C_end,cmin,n_runs,sp_rms,axy_absmean,axx_absmean,fx_mean,fres_mean,fy_mean,fz_mean,sp_rel,ay_rel,ax_rel,fx_rel,fres_rel,fy_d,fz_d
1,1,1,34,153,2.55,29,1.1642521161534614,1.1114105886585557,0.8110990049910456,180.32580118845513,190.043952122979,-11.725897607115892,22.379030851577763,-0.04049594938072587,-0.01476371597468018,-0.04246929748179895,-0.10408218188968277,-0.09576197925611407,-0.018773556732253047,0.012570030025310038
1,1,2,49,318,5.3,29,1.21338947490846,1.1280650202180265,0.8470736268382245,201.2749356506838,210.170273493517,-7.780254054252212,19.737184203336632,0.0,0.0,0.0,0.0,0.0,0.0,0.0
1,1,3,53,483,8.05,29,1.2227345240232124,1.1432513459196103,0.866204547748137,209.16549939695443,216.99132137699203,-4.008095582858081,17.13793816339543,0.007701607198675742,0.013462278706814823,0.022584720269618552,0.03920291277581045,0.03245486514383522,0.01794810659324992,-0.012367334336753293
1,1,4,56,648,10.8,29,1.235095109784747,1.1549578946032626,0.8901978401134671,217.8812050280107,225.71761405440307,0.7301126334458328,14.428670232985066,0.017888431806221572,0.02383982651996286,0.050909639857644295,0.08250540149791608,0.0739749742075948,0.04049272309654467,-0.02525815797882242
1,1,5,59,813,13.55,29,1.2445092277880248,1.1737453679318135,0.914844442098477,225.99854875026372,233.94025022246774,4.483000994437349,12.690005583017204,0.025646961279198965,0.04049442797628644,0.08000581426813258,0.12283503169261079,0.11309866202217211,0.05834914160240573,-0.03353080577561702
1,1,6,62,978,16.3,29,1.2775854347427322,1.185690865199664,0.9281761465819736,235.29091145314965,243.63436177076076,9.78026996272293,9.275777724397752,0.05290631010221625,0.051083797430843125,0.09574435701235462,0.1690025421819097,0.1592236985801707,0.083553795334985,-0.04977586175745057
1,1,7,66,1144,19.066666666666666,29,1.2956668274353822,1.2017336632130893,0.968188847904646,245.1965519600413,254.0308772913332,15.4970386369936,7.607258573324501,0.0678078673239928,0.06530531633790448,0.14298074834237795,0.21821701826592177,0.20869080611996815,0.11075444830671467,-0.05771475398677776
1,1,8,70,1309,21.816666666666666,29,1.3043247003922949,1.2136930453494543,0.9803922952486483,257.34526018706066,267.008612504573,21.952651545152847,3.8437794431708094,0.07494314675071267,0.07590699436356796,0.15738734412975086,0.27857579164098145,0.27043947779232114,0.14147055673086048,-0.07562156386809897
1,1,9,74,1474,24.566666666666666,29,1.3257600597605534,1.232722379146295,1.034048754326562,272.24495572010954,282.6041997273659,29.96533568757476,1.2899858787178782,0.09260883432384381,0.09277599877003606,0.2207306679895562,0.35260237366363123,0.34464401187584315,0.1795952829789285,-0.08777263319870869
1,1,10,78,1640,27.333333333333332,29,1.3582270337717757,1.258833377176754,1.0843795672263694,288.53085053276163,300.7378370655355,39.98629889069186,-3.5116980573140544,0.11936609131560383,0.11592271244564722,0.2801479503899913,0.433516049079812,0.4309247072222713,0.22727549501151267,-0.1106192701479633
1,1,11,83,1805,30.083333333333332,29,1.3861268428685656,1.2829216825083996,1.1159631493832736,303.57033344490566,317.32558346313374,48.360834424495,-6.270650152173135,0.1423593755608743,0.1372763621909341,0.3174334721631016,0.5082371407225652,0.5098499811055446,0.26712192711915067,-0.1237464933703482
1,1,12,88,1970,32.833333333333336,29,1.4060984126761011,1.31154277775618,1.1477125503225123,319.8358454013496,336.59830602494367,58.58337711352476,-12.04317759866136,0.15881869898548406,0.16264821109575034,0.3549147487998754,0.5890495474132476,0.6015504972701411,0.31576126378226393,-0.15121244919052884
1,1,13,93,2135,35.583333333333336,29,1.4361338404435569,1.344931275954705,1.1973243279849992,335.3755177274044,354.68655749400705,68.62493016048194,-15.60526500894984,0.18357202707061648,0.19224623745071345,0.4134831849907967,0.6662557443786965,0.6876152445267094,0.36353944325571325,-0.16816102784096465
1,1,14,96,2300,38.333333333333336,29,1.4489226864028464,1.388290039757813,1.2255106548245034,349.76604562862474,372.72263754292845,79.94545171931283,-21.688122307797773,0.19411179704863968,0.23068264229085989,0.44675812821469574,0.7377526143426516,0.7734317577239374,0.417403014781113,-0.19710354762616908
1,1,15,100,2466,41.1,29,1.4713534640370307,1.408739221229982,1.2678661326344094,362.2507399358398,386.92727427111924,88.4774315985381,-22.763561361245184,0.21259784633291967,0.24881030435436102,0.49676024900790416,0.799780676937005,0.8410180842394659,0.4579985744547243,-0.20222053698708642
1,1,16,107,2631,43.85,29,1.4827849699953346,1.4424448824405074,1.3101598941462937,451.70951951786515,492.51733339479057,101.51476555626674,-8.181591100847186,0.2220189812567792,0.2786894873858594,0.5466895115558947,1.2442412814967434,1.343420528545789,0.520030819743356,-0.132838839861171
1,1,17,115,2796,46.6,29,1.5021693910758736,1.4858928102530196,1.3576827855145888,405.36507427019325,443.0693481034055,116.05991404231553,-36.14236416332599,0.23799441328531357,0.3172049337775176,0.6027919445234731,1.013986853155484,1.108144699716883,0.5892373171431771,-0.265877507022354
1,1,18,122,2962,49.36666666666667,29,1.5280849321226584,1.4996037807655096,1.372100388587042,404.52611844887605,445.55348710769096,124.4307925987556,-40.60529238379792,0.25935238744174827,0.32935934887483187,0.6198124284762887,1.0098186450345623,1.119964349389471,0.6290663491813273,-0.28711232841877565
1,1,19,128,3127,52.11666666666667,29,1.5471103074766706,1.5311274217457955,1.3962902621681177,416.84203149123914,462.3095918227352,135.1949208503288,-40.09521324104098,0.27503191635429913,0.35730422830580033,0.6483694190549785,1.0710081468597554,1.1996906800285236,0.6802825753043106,-0.2846853479791624
1,1,20,141,3293,54.88333333333333,29,1.5579593495094517,1.564156377285756,1.4240300858511907,425.6087508664221,473.1089559287269,143.8205918538084,-39.04572414422897,0.28397302080355247,0.38658352954109354,0.6811172497088667,1.1145640886209178,1.2510745599963293,0.721323921733094,-0.2796918297267137
1,1,21,158,3458,57.63333333333333,29,1.577540220377165,1.5935659548465382,1.4552636099665353,439.26113734552695,494.9029133785435,158.9590096809356,-42.14516922715703,0.30011035450606416,0.41265434729865325,0.7179895157383573,1.1823936295171515,1.354771229784832,0.7933532224305315,-0.2944391345258563
2,1,1,39,151,2.5166666666666666,29,1.1623150441295078,1.0752883619360265,0.7843647033683072,180.81108883475198,191.72264329252232,-12.032834988771388,24.770617134059385,-0.035800896175586905,-0.019536714796272836,-0.061414292587345765,-0.10054496196246854,-0.09350854009595755,-0.023816043113196225,0.022923033383063292
2,1,2,48,315,5.25,29,1.205472022862586,1.096714561537708,0.8356878835610236,201.02293187356332,211.49966852728795,-6.995749764698787,19.922403171901543,0.0,0.0,0.0,0.0,0.0,0.0,0.0
2,1,3,53,478,7.966666666666667,29,1.221420422289322,1.1084971090827542,0.8504145970282037,210.44745693443204,220.1141001653046,-3.6020864718295105,17.206328991562916,0.013230003786287803,0.010743495124680091,0.01762226515050891,0.04688283557020467,0.04073023706372947,0.01604571447558284,-0.012841978426023847
2,1,4,55,641,10.683333333333334,29,1.2416532417345785,1.114976617839006,0.8800624114520541,216.96965535516688,227.44304958334374,0.2729674188093072,13.57248510631054,0.030014150627962755,0.016651603746094645,0.05309940321492057,0.07932788231162369,0.07538253448373022,0.03436751099479986,-0.030023300319129007
2,1,5,57,804,13.4,29,1.2519392188716816,1.1278889041566076,0.9058730672956556,223.25177907491934,234.0576120824658,4.109554696230241,13.393707515023983,0.0385468887936129,0.028425210818018076,0.08398492441407646,0.11057866380805348,0.10665711068132189,0.052507431989172154,-0.030868585763458155
2,1,6,59,968,16.133333333333333,29,1.2743135648322923,1.153063078981809,0.9139558492826017,233.17154696274966,244.6544325360708,9.568936679813795,10.964009954438056,0.057107540170224125,0.05137938295001243,0.09365693491697336,0.1599251129687369,0.1567603591988853,0.0783201532175233,-0.04235653549645003
2,1,7,61,1131,18.85,29,1.2841173879402608,1.1717453128315238,0.9531004069077684,241.1017059511695,252.98472862966656,14.938136155250458,9.31533914694982,0.0652403071876515,0.0684141105855427,0.1404980563394409,0.19937413957734118,0.19614716368704932,0.10370647894003346,-0.050151681554920204
2,1,8,66,1294,21.566666666666666,29,1.3115503786063774,1.1836593984143713,0.9761189012491748,253.70627294506028,266.2839699720182,21.46044083971985,5.768027134781923,0.08799736014768,0.07927754397165798,0.16804242403246072,0.26207627448510706,0.2590278359592886,0.13454484729250146,-0.06692386865511046
2,1,9,72,1457,24.283333333333335,29,1.3373491202450454,1.2007171806696797,0.9988874539677124,266.9441052554591,280.38463120414644,28.561095552607277,3.5496559970546877,0.1093987209004621,0.09483107344371278,0.19528770683052699,0.3279286237022847,0.32569773350718445,0.16811773543143155,-0.07741263751784283
2,1,10,74,1621,27.016666666666666,29,1.3687133030681156,1.2171801477112574,1.044138147068976,282.50663715904835,297.1929848705546,37.29745602755543,0.5618828880940843,0.13541689654305467,0.10984224190900127,0.24943554598363482,0.4053453231730575,0.40516997941398847,0.20942446908156476,-0.09153924646132267
2,1,11,76,1784,29.733333333333334,29,1.393484469412866,1.249334408660953,1.0801419793592113,297.71455147791204,314.2609033020277,45.99738442731815,-2.053512810171968,0.15596583162819044,0.13916095625579739,0.2925184157948093,0.4809979573134695,0.48586948381662065,0.25055894678709484,-0.1039052029494701
2,1,12,77,1947,32.45,29,1.420370884484777,1.2669307698917749,1.10316559121701,312.8814268843509,331.2095720600537,56.13240833146779,-6.551228322417218,0.17826947249416825,0.15520556972947075,0.32006890720517966,0.5564464410515255,0.5660051590923445,0.29847875666065976,-0.12517103066241023
2,1,13,78,2111,35.18333333333333,29,1.4382007510843209,1.301402224099889,1.1560671707515264,326.80491675726745,347.50026551493414,64.61542900559445,-9.575196271291944,0.19306024844034408,0.1866371339824171,0.38337194243538186,0.6257096327836706,0.6430298351512509,0.3385876643161446,-0.13946877386896553
2,1,14,80,2274,37.9,29,1.4539890705554743,1.3251755739865678,1.1844120518247436,341.63231566706236,365.5424478411523,74.8625922313324,-15.172785913738467,0.20615745780872197,0.20831401392950744,0.4172899656959732,0.699469371394591,0.7283357954482541,0.38703768457901727,-0.16593496022955698
2,1,15,81,2437,40.61666666666667,29,1.4687498843791909,1.3535168098004422,1.2273148566149594,354.8305233251424,382.46519500637726,86.01252679561571,-18.36164679852334,0.2184022992847312,0.2341559575015313,0.4686282770849082,0.7651246055266914,0.8083489098094314,0.43975613393604185,-0.1810123402887765
2,1,16,90,2600,43.333333333333336,29,1.490809452667664,1.3812646661953685,1.2661890607796953,371.6100366157833,402.87950112172814,98.4474056823218,-25.3831786587658,0.23670182666495965,0.25945684924497714,0.5151458884197591,0.8485952480760433,0.904870602999305,0.4985499796819595,-0.21421112451919497
2,1,17,98,2764,46.06666666666667,29,1.5193432160054774,1.4234440214327362,1.319586096557041,391.4834156229472,428.2870341699506,112.94998937207092,-31.30785042101968,0.26037202621887,0.2979165877372134,0.5790417960040726,0.9474565014760461,1.025000971170281,0.5671202227973902,-0.242223800867619
2,1,18,108,2927,48.78333333333333,29,1.5373472771325214,1.4483807174751673,1.3392782325899408,401.8378940989326,443.8392218428866,124.26234984094248,-35.823352045956646,0.275307305334092,0.32065422332351146,0.6026057801424902,0.9989654431648385,1.0985338886506195,0.6206066445381033,-0.26357372380782623
2,1,19,117,3091,51.516666666666666,29,1.5607346625080631,1.4913734029443673,1.3966220155935014,417.55509168495627,466.4376666906662,138.15857981074123,-44.49450237066043,0.29470832413169523,0.3598555679367532,0.6712244404480674,1.0771515358635022,1.2053824951053569,0.6863099624986505,-0.3045721347513641
2,1,20,126,3254,54.233333333333334,29,1.5741676040062773,1.5071991467743775,1.4186854075998552,424.3822529634489,476.3039529889988,144.63491131441015,-38.71577935357151,0.30585162836725543,0.3742857071771959,0.6976259145394919,1.1111136376737907,1.2520316760096741,0.7169309632253412,-0.2772495244734035
2,1,21,145,3418,56.96666666666667,29,1.6111309970594765,1.5562417006373557,1.4698807174495692,444.66910860333365,505.6764552705198,161.74007128477882,-44.11496907789069,0.33651463203068666,0.41900340819341597,0.758887195044794,1.212031754083736,1.3909089730099353,0.7978065508301594,-0.30277764828520315
3,1,1,36,154,2.566666666666667,29,1.1702382815055783,1.106514583180162,0.7860570869195774,176.08362485436524,192.8308502080204,-8.443592781853168,19.35464436370908,-0.07166726947280289,-0.013755215794374442,-0.08300893301097945,-0.10893382488051206,-0.09539530665008422,-0.03194821376775862,0.013429250592244953
3,1,2,44,320,5.333333333333333,29,1.26058065499964,1.1219472091519431,0.8572134617413772,197.61004263320086,213.16587413882706,-1.6333238668747934,16.491986422183825,0.0,0.0,0.0,0.0,0.0,0.0,0.0
3,1,3,49,486,8.1,29,1.2335342696423024,1.1249768810995509,0.8711911682109261,209.16768696403685,223.4392000658972,2.912235331229586,12.725015638975094,-0.02145549771057309,0.0027003694317291327,0.016305981057686658,0.058487130394931475,0.048194045921156725,0.02132404737141004,-0.017671547091798762
3,1,4,52,652,10.866666666666667,29,1.249330595886034,1.1329792668384857,0.9100529444351624,217.9471844418364,232.12716184057894,7.69556901269788,10.941817534490507,-0.008924505599055998,0.009832956128908776,0.06164098564953102,0.10291552766063039,0.08895085941102887,0.04376353821764693,-0.026036854680025832
3,1,5,54,819,13.65,29,1.2620620011481312,1.154395234309481,0.9234226583392732,226.4541591878396,240.2108283833803,12.542382667780023,9.011660036677297,0.001175130002682545,0.028921169278601555,0.07723770047124079,0.14596483139360727,0.12687281373631065,0.06650082519973484,-0.035091575589791014
3,1,6,59,985,16.416666666666668,29,1.3095535999738486,1.1580146077494793,0.9359746833939976,234.97534736765766,250.24526025978642,18.029888448344156,7.296816936608852,0.03884951334131226,0.03214714409316888,0.09188052354266785,0.18908606180412302,0.17394616408821095,0.092243715813597,-0.043136217383400205
3,1,7,63,1151,19.183333333333334,29,1.336769795349718,1.1724388046880787,0.9642706041627758,244.53455969503062,260.0021409672791,23.340831686489835,5.846636320053269,0.06043971882949428,0.045003539493004396,0.12488971207232136,0.2374601838881738,0.21971747127755226,0.11715831933351528,-0.04993927918873934
3,1,8,66,1317,21.95,29,1.3144615155624586,1.1853839464476343,0.9920053056414504,255.92272066342935,271.5965428272692,29.54035200224596,2.548290202577021,0.04274289023008526,0.05654164186890909,0.15724419869264739,0.2950896485482122,0.27410892538262677,0.146241400013299,-0.06541242248994221
3,1,9,68,1483,24.716666666666665,29,1.346092262413503,1.2104448835352684,1.0190311998463748,267.4811113829679,283.30661612648873,35.980385097772746,1.4121001696807358,0.06783509414864652,0.07887864389824428,0.18877181160486511,0.35358055602194316,0.32904301530920277,0.17645277001585688,-0.07074249719109409
3,1,10,72,1649,27.483333333333334,29,1.381893164809705,1.223535454228576,1.0541267142760171,280.97500689403597,299.3315375630392,45.88554524024911,-0.6762482361191824,0.09623542081890801,0.09054636817842909,0.22971320601361356,0.4218660304404427,0.4042188449362003,0.2229196830829339,-0.08053932050644265
3,1,11,76,1816,30.266666666666666,29,1.4058372573905882,1.2496654462352972,1.09102280116111,294.52967923562727,313.76320113128406,54.36567834091098,-0.5725639540226435,0.11522991552729311,0.1138362269111517,0.27275509526502684,0.490459064281092,0.47192041127062234,0.2627015343521435,-0.08005291862567532
3,1,12,81,1982,33.03333333333333,29,1.3948632394835594,1.2682497729076427,1.1216271344046764,310.1517296241682,330.657735183026,62.92188058870378,-5.113852068285671,0.10652438933703756,0.13040057728410126,0.30845720986014236,0.5695140059246107,0.5511757523048966,0.3028402398666128,-0.10135692956368059
3,1,13,86,2148,35.8,29,1.4197102808988624,1.3054827064015295,1.160960254597753,325.1043069948717,348.49270943605376,74.03859263478677,-6.252974053840998,0.12623518000858747,0.16358657141124944,0.35434207045621124,0.6451810984036004,0.6348428698727515,0.3549907639173953,-0.10670075858958489
3,1,14,91,2315,38.583333333333336,29,1.4556103639712386,1.329318901461162,1.2086355491970362,339.1506832672181,365.5542864172864,84.24058203855564,-11.531546628201824,0.15471418524319214,0.18483195164411237,0.4099586662367227,0.7162623859999953,0.7148818397602159,0.4028501571949736,-0.13146350542082996
3,1,15,96,2481,41.35,29,1.475320964242435,1.3542146567027369,1.2368693612934498,352.9141187139397,382.2209627902407,93.78971836927332,-13.308302437781885,0.17035031308080506,0.20702172584961454,0.4428954006168133,0.7859118595961776,0.7930682588588938,0.4476468976174047,-0.13979859102849587
3,1,16,100,2648,44.13333333333333,29,1.494361262315876,1.3826341071676522,1.2918433523207866,368.26270139247276,400.36240797656734,102.56439501744298,-21.217153480421963,0.18545470009319076,0.23235219615435998,0.5070264408779641,0.8635829256716137,0.8781730874794063,0.4888105063968055,-0.1769004539537469
3,1,17,103,2814,46.9,29,1.520130142247014,1.4042078819167747,1.318481204810363,383.4175041189303,419.02589147866655,114.44676022090606,-23.624630844009086,0.20589677163294895,0.2515810641199301,0.5381013757436195,0.9402733738113751,0.9657268930662442,0.5445528490746233,-0.18819436942362752
3,1,18,113,2980,49.666666666666664,29,1.5432119707123175,1.4546841208854415,1.3541401234756545,402.9050531506735,444.8041705954245,127.33904610855905,-33.36439757461499,0.22420724496423317,0.29657091618865694,0.5797000209548748,1.0388895613900373,1.0866575027189387,0.6050329139055293,-0.2338853918255658
3,1,19,118,3147,52.45,29,1.5710889960014505,1.4844715119747631,1.389850200934059,417.13444269555237,462.80932652644515,139.09679545603592,-35.65198384632497,0.24632167705437236,0.32312064227767423,0.6213583465087709,1.1108969824465227,1.1711229735817588,0.6601906608712537,-0.24461687631365117
3,1,20,128,3313,55.21666666666667,29,1.5838010730224206,1.5179206458816814,1.4252986673558696,430.1064211642111,483.90959689786007,153.05819878135412,-40.64885839491934,0.2564059798481304,0.35293410732671315,0.6627114843255748,1.1765413105171207,1.2701081908763108,0.72568615062411,-0.26805812632039516
3,1,21,140,3480,58.0,29,1.6089298124079134,1.557940651638231,1.462956901942002,441.9838481659647,504.4700787543336,166.37134110373935,-43.37199021577757,0.27634023735543756,0.3886042399587111,0.7066424726579696,1.2366466920224535,1.3665611617823537,0.7881405297604012,-0.28083283442908974
3,1,22,152,3646,60.766666666666666,29,1.6047997988109557,1.5945904691716408,1.4954904251628451,453.3409265628833,522.5549335097841,178.8111790163447,-44.16259789118096,0.27306395861787536,0.4212704984372295,0.7445951235119976,1.2941188642136177,1.4514005143687463,0.8464980786075668,-0.28454171925222277
4,2,1,34,151,2.5166666666666666,29,1.354641771834091,330.5673206364468,256.8979684319489,189.86833885619674,245.01362910778047,-14.738285764934512,28.876340694549476,0.007404807983110828,-0.00685413197501028,-0.002146744250992927,-0.02509225142203475,0.00012344973024269734,-0.018576365501430717,0.022582253088866317
4,2,2,49,312,5.2,29,1.344684640275016,332.84870961989344,257.45064913288934,194.75518492200456,244.98338597486796,-10.187384845287289,23.344063869897585,0.0,0.0,0.0,0.0,0.0,0.0,0.0
4,2,3,52,473,7.883333333333334,29,1.363997077006864,335.42635914032235,260.7741262028167,201.6454119802013,252.92349894782853,-8.960603799343032,21.6168966970847,0.014362056465446082,0.007744207641281031,0.012909181161986139,0.035378914615064705,0.03241082223337033,0.005007609153014599,-0.007050140016393063
4,2,4,53,635,10.583333333333334,29,1.375276805377757,340.284483263705,264.6765664299479,206.40882561298346,259.4929668096,-6.991963172526492,19.695193780390746,0.022750438419884222,0.022339800122112674,0.02806719393171453,0.05983738351123202,0.059226795225291395,0.013043421944901214,-0.01489435732544396
4,2,5,55,795,13.25,29,1.3804597542873118,339.2612871626683,270.62494896592284,211.56889224635884,265.74521392174336,-5.494716095124176,19.014245047376548,0.026604835766532497,0.019265742535393482,0.051172136785847755,0.08633252732700192,0.08474790183937331,0.019155048949501086,-0.01767392839841482
4,2,6,56,956,15.933333333333334,29,1.3989336164570658,341.1534532042208,275.97311469946004,217.6651345869417,272.9308380243973,-2.29751093158672,17.924501445028202,0.04034327050166553,0.02495050557297107,0.07194569378230575,0.11763460713054741,0.11407896881789514,0.03220575094226988,-0.02212216311446262
4,2,7,57,1117,18.616666666666667,29,1.404310658381274,345.5086659248116,283.24425179889886,224.25062968677793,277.90535024351067,0.196418347186866,16.79877312099636,0.04434200876576022,0.03803516714658617,0.10018853226000424,0.151448829342262,0.13438447728867642,0.042385744450194655,-0.02671728420625506
4,2,8,58,1278,21.3,29,1.4160230769659885,351.862722865056,290.2329017172443,230.62888013522422,283.1217708027599,4.591633850722453,15.785224723221852,0.053052168928160226,0.05712509225851048,0.12733412284943824,0.18419892249639647,0.15567743370076714,0.06032661617929419,-0.03085449699618067
4,2,9,60,1439,23.983333333333334,29,1.4223351904078798,358.681591859062,299.55334321211353,237.97121359124992,287.11596283257467,8.499825907890497,14.461361477405529,0.05774629069681536,0.07761148381398031,0.16353695056131667,0.22189924589967913,0.17198136392003716,0.07627950229692249,-0.036258386898952014
4,2,10,62,1601,26.683333333333334,29,1.444021142767792,365.61018697242173,300.63254062304924,246.55472255289953,292.1281282672907,13.905342465850923,13.101352985703734,0.07387345665855127,0.09842753300723706,0.1677288118542304,0.2659725729594291,0.19244056940767074,0.09834433145441873,-0.04180981842272609
4,2,11,64,1762,29.366666666666667,29,1.4555138207514209,370.523783749561,313.8502165643164,257.2079047843407,301.61176565249565,19.319765644477098,12.182685168201363,0.08242020259392402,0.11318978575188643,0.21906943183629357,0.32067295095299864,0.23115191853637373,0.12044551663103974,-0.04555973727476047
4,2,12,68,1925,32.083333333333336,29,1.4734564900917335,374.15449926052486,319.8381801800484,266.43538989436695,312.17224559256283,25.4558836411612,10.472241467635431,0.09576360580007881,0.12409779111897956,0.2423281170868452,0.36805287110106377,0.27425884147338686,0.14549259471050424,-0.052541613591636095
4,2,13,73,2086,34.766666666666666,29,1.486854548612152,381.525656407547,336.97217665540137,277.2602432767362,325.92198877389984,31.726727689164484,7.361357801781182,0.10572732377463545,0.14624345950820006,0.3088806642762243,0.42363472062514407,0.33038404819555844,0.17108961233294248,-0.065239959046676
4,2,14,77,2250,37.5,29,1.5057972338658914,389.0915774221575,344.4475065462301,287.8342111142474,340.12739194200475,39.37511320941999,5.963237309309639,0.11981440760558137,0.16897427022172407,0.337916636475192,0.4779283603130724,0.3883692177268596,0.20230962951827164,-0.0709469603068144
4,2,15,80,2411,40.18333333333333,29,1.5146150067969668,397.7535404962535,356.8382173173882,298.8799236212084,355.94102308054534,46.11410007896913,4.253586926280273,0.12637191013589355,0.19499799458582867,0.38604512561627913,0.534644244469813,0.4529190282195714,0.22981756375116885,-0.07792559837333517
4,2,16,82,2572,42.86666666666667,29,1.5303116726722383,407.04978152517896,360.76028505246757,309.10176646677894,369.9795814828443,53.40130933024759,2.84849862049558,0.13804503066180462,0.22292732331761678,0.40127937632914046,0.5871298450440117,0.510223152523491,0.25956329210854423,-0.0836610416165306
4,2,17,83,2733,45.55,29,1.5399984133912248,414.38588726833507,373.01685511366395,319.68775578700416,384.78999734674136,59.436034860783856,0.9524489162753614,0.14524875741591203,0.24496768439197325,0.4488868308159608,0.6414852108560423,0.5706779290993051,0.28419649532157903,-0.09140054483498447
4,2,18,85,2896,48.266666666666666,29,1.5603621226871165,426.7343433016396,381.8308800019874,328.7975501682728,398.34792378142026,68.02763215918156,-2.8311919078693117,0.16039261247751724,0.28206699010178427,0.48312261510320065,0.6882608301286017,0.6260201572292967,0.3192666175839886,-0.10684502409666315
4,2,19,87,3057,50.95,29,1.56150534878472,430.50221646889156,390.52594651354406,338.1563156167169,410.75003378657266,74.00145094463245,-3.2517501741876926,0.16124279404675845,0.29338706753743016,0.5168963365556118,0.7363148290616319,0.6766444473451361,0.343651204978269,-0.10856170486113557
4,2,20,88,3221,53.68333333333333,29,1.5843632952422542,432.63303682896367,401.6402067644022,348.838642947548,426.1435893361871,81.44321104249366,-7.648835315389333,0.17824153544151344,0.29978883596400885,0.5600667860700788,0.7911648569831438,0.7394795473187876,0.374027795897886,-0.1265102082819052
4,2,21,88,3382,56.36666666666667,29,1.593005611298804,436.6648622815287,410.6745825111494,361.40449938424354,441.7622070086861,89.04630445978711,-9.435894336872456,0.1846685561701673,0.3119019231896414,0.5951584658820179,0.8556861504302369,0.8032333305002366,0.40506293481981037,-0.13380482140177796
4,2,22,90,3543,59.05,29,1.625345372925103,450.6515903005564,428.9938312011415,376.49945661087946,462.2108560362935,98.8820586894407,-16.485185642262664,0.20871862758295956,0.35392320076947725,0.6663148166299866,0.9331934950109788,0.8867028643473405,0.44521159302581054,-0.16257939024586018
4,2,23,92,3705,61.75,29,1.6359306262397806,466.3945458786354,440.8157724292389,390.2753909309032,480.37253467366264,109.62466966594276,-16.29130457584777,0.21659055011232864,0.4012208321650057,0.7122340686027995,1.003928116661954,0.9608371921308267,0.48906195836284655,-0.16178798528734278
4,2,24,95,3867,64.45,29,1.6600321729313663,485.74657654375386,454.8646428445157,404.4288310039867,498.6004455307853,118.60084733240328,-26.07946812313784,0.23451411818897183,0.4593614531312642,0.7668032470554245,1.076601098789499,1.0352418738384777,0.525701902866599,-0.20174238263694186
4,2,25,100,4028,67.13333333333334,29,1.6843047423744026,496.22176381056596,467.42788223857156,418.56944135912494,517.3060004104844,129.82729188520182,-32.48799680600259,0.25256487054832966,0.4908327701712927,0.8156018787014105,1.1492082047867087,1.111596255198927,0.5715272330542968,-0.2279014164724942
4,2,26,104,4191,69.85,29,1.7041089249924233,519.1337975988364,485.6777293839855,438.85341855693036,544.3153208147319,144.94180956327648,-43.70573484946963,0.2672926230821655,0.5596689504720531,0.8864886572233548,1.2533593584821996,1.2218458555821061,0.63322332570127,-0.273691207477415
4,2,27,115,4354,72.56666666666666,29,1.7365524881801813,527.0752257922798,497.38591654916803,450.0740409656505,556.7175010960557,158.13470645487808,-55.68638724960893,0.29141988847661704,0.5835279229238686,0.9319660611631644,1.3109733440262241,1.2724704325589147,0.6870755362873178,-0.32259514580965903
4,2,28,127,4517,75.28333333333333,29,1.7486435176837696,538.2358965373744,509.52482963084594,466.1471561053362,576.4640181063614,171.20714596066958,-54.02649969441055,0.30041160976311554,0.6170586845658168,0.9791165077538508,1.3935031885904272,1.3530739270845862,0.7404360507310709,-0.3158196351006649
4,2,29,131,4682,78.03333333333333,29,1.7634830732504,542.7620991359789,518.303069344918,479.3834259799684,592.8396508289172,182.5531173411453,-51.489432270277725,0.311447324102498,0.6306570626510837,1.0132132938510612,1.4614668213940059,1.4199177771578957,0.7867492786070204,-0.30546355558924404
4,2,30,138,4847,80.78333333333333,29,1.7836383415124195,560.5032893465403,534.5030704455431,495.79036008089196,615.3651517526613,199.1223710918162,-50.42195735659029,0.3264361680725587,0.6839581261607528,1.0761379792429522,1.5457107099841565,1.5118648324004695,0.8543834721860522,-0.30110621964403456
4,2,31,144,5008,83.46666666666667,29,1.807239411407472,593.5335957000916,553.5110217415439,517.1020035304134,643.7775981417635,218.53915725953436,-56.75564370220088,0.3439875471752647,0.7831933204064245,1.1499694159086618,1.6551385717278957,1.6278418660104834,0.933641035267126,-0.32695975383537085
4,2,32,149,5171,86.18333333333334,29,1.8340639276491464,634.4827754378842,583.2146558821871,542.4551668442232,679.3603805458729,244.562164440713,-68.19720183226866,0.3639361027237151,0.9062197241577137,1.265345447162368,1.785318229455433,1.7730875620094753,1.0398645943775722,-0.3736631581684366
5,2,1,34,152,2.533333333333333,29,1.3800341070368316,371.99533298310286,247.4547332605806,190.54467979480813,240.40395790073998,-14.48009816651494,28.537295329051958,0.024772833652141113,-0.028738865705048244,0.015647671811391817,-0.01647662794011051,0.007326838635070887,-0.02322812885334615,0.03533636736930746
5,2,2,42,312,5.2,29,1.3466731959692873,383.00238715218234,243.64229853375133,193.73680911693202,238.65536852615548,-8.93658051484659,20.10408155215427,0.0,0.0,0.0,0.0,0.0,0.0,0.0
5,2,3,47,473,7.883333333333334,29,1.3595511664299111,395.3279835749207,252.8162372125884,200.25991878880487,248.7064980668353,-7.510199275647541,17.775835045965387,0.009562802986774255,0.03218151331741148,0.03765330869904848,0.03366995513968507,0.04211566495550367,0.0059767406365414475,-0.009755684611526844
5,2,4,49,634,10.566666666666666,29,1.3686158878280292,399.28056238325644,255.77221043361695,205.77079139616913,257.52052669813685,-5.59763116442412,16.321672536421723,0.01629399911160223,0.04250149810321191,0.049785739064455825,0.06211510519910468,0.07904770082686752,0.013990673543371543,-0.01584883272935054
5,2,5,51,795,13.25,29,1.373501144919041,402.22396564900373,265.95822204547136,212.3634351367047,265.96380750895514,-3.313203812216801,15.884058788174505,0.019921647679668864,0.05018657622408984,0.09159297727044158,0.09614397028976751,0.11442625050274868,0.023562749655947898,-0.01768249668985456
5,2,6,54,958,15.966666666666667,29,1.392252517919875,407.66638137874537,270.34766731806525,217.9345085986627,274.35019109826965,0.255342071955902,14.78810569700938,0.03384586705000947,0.06439645039800501,0.10960891825856112,0.12489985559288264,0.1495663927132742,0.03851546539081982,-0.02227469630360435
5,2,7,57,1119,18.65,29,1.399459638399139,412.5025602774079,276.6747231736462,225.38056014574897,284.2124776832761,2.968624938127563,14.690378862479596,0.03919766323993534,0.07702347064877157,0.1355775447805463,0.1633337060368225,0.19089077877637517,0.049884507214298844,-0.02268418566532836
5,2,8,59,1279,21.316666666666666,29,1.418186416202252,421.47754759734954,284.18497116541903,231.97594296878165,292.4703300222506,7.313342261706257,14.147201293817783,0.053103618938143304,0.10045671185302418,0.16640243863916515,0.19737670929002427,0.22549235673362733,0.0680894918765338,-0.024960177075101668
5,2,9,61,1440,24.0,29,1.4266032146287682,427.296384889695,293.4478302954437,240.10658277131424,300.6743180121776,11.467035620492764,13.103753563183632,0.059353686476212975,0.11564940382450639,0.2044207104489817,0.23934415904617912,0.259868235393268,0.08549405890738727,-0.029332371746766027
5,2,10,63,1604,26.733333333333334,29,1.44502774776697,433.31151002593407,301.34054731161854,248.67944619604998,306.7423859065895,16.584913580687438,11.878168703902894,0.07303520415499953,0.131354593499601,0.23681540161580106,0.28359420870794216,0.2852943045065923,0.10693869680428746,-0.03446774694008132
5,2,11,64,1764,29.4,29,1.4473792852235474,441.76438387770776,308.96357264143705,257.5540542402245,313.24825531919873,21.039719007996517,10.466646384517954,0.07478138686927349,0.1534246226569258,0.2681031762579471,0.32940175599142263,0.31255482436326676,0.12560496630754756,-0.04038222658536214
5,2,12,68,1926,32.1,29,1.471039511221386,450.8100835884107,319.67671256952383,265.6257105298538,321.5537078014441,27.246418936658092,9.458641005863036,0.09235077643509815,0.1770424903625616,0.3120739481335979,0.37106475398556005,0.34735585370334277,0.15161192339798216,-0.0446059127520718
5,2,13,71,2087,34.78333333333333,29,1.4755018655161185,452.37611920709327,328.7919848152762,276.5418330985095,332.5675734151189,33.05468417462065,8.038014700304876,0.09566438979585179,0.1811313307228708,0.3494864676370193,0.42740986784601986,0.3935055199844417,0.1759493823616425,-0.05055853939664052
5,2,14,74,2251,37.516666666666666,29,1.500053818623058,463.53739954023325,337.6574107347505,285.2611783044982,343.74477261289724,39.865475001967816,6.164912779595223,0.11389594974701556,0.2102728731976573,0.3858735234677464,0.47241600398366,0.4403395772562495,0.20448756639415774,-0.05840710334170161
5,2,15,78,2412,40.2,29,1.511736620759882,471.852506145259,352.1611884565985,297.02118803470313,358.3791800662694,45.61137625685314,2.984942119155334,0.12257125580626704,0.23198319899184572,0.44540250431028605,0.5331169610387909,0.5016598297347448,0.22856371138251405,-0.07173163352125791
5,2,16,79,2573,42.88333333333333,29,1.5302517375796625,480.2026641508753,358.2955459423279,307.0582565394093,373.11148105958375,53.003747039356014,1.3663482787075818,0.13632003826900396,0.25378504223283427,0.47058022395357546,0.5849247127533768,0.5633902700943956,0.25953879829614745,-0.07851377234530184
5,2,17,81,2737,45.61666666666667,29,1.5433482589269245,494.7566152637014,371.21804769565995,317.9779616102705,386.6288522557022,58.6830933472878,-1.2494885815553252,0.146045130731274,0.29178467774696815,0.5236190510829375,0.6412883182067448,0.6200299814891008,0.2833360685733897,-0.0894745015189941
5,2,18,83,2898,48.3,29,1.558005808899827,504.05346588278803,375.206155498376,327.45342988635053,399.119792989472,65.80002651683499,-3.282330011857225,0.15692939724580324,0.3160582878625955,0.5399877515373193,0.6901972907415459,0.6723688029910393,0.3131570326417812,-0.09799239677044373
5,2,19,85,3059,50.983333333333334,29,1.562688092291145,507.757332142224,386.09128167656024,337.61694858849455,411.92141466122814,70.86387438018863,-3.78365158471602,0.1604063235003188,0.3257288966725722,0.5846644199306621,0.742657733072924,0.7260094218919007,0.33437527673419787,-0.100093005593764
5,2,20,86,3221,53.68333333333333,29,1.581045000776672,511.03905762387797,396.2104939283355,346.411438277617,423.7191463633023,78.35607557186972,-10.025463702884002,0.17403762509633403,0.33429731710998833,0.6261974883373922,0.7880517381110395,0.7754435987760515,0.3657686672870694,-0.12624708776134747
5,2,21,87,3382,56.36666666666667,29,1.5898220566430652,511.37616065706345,407.58067300822694,359.9764036887087,440.9718957639877,86.1880360987307,-8.939864593741664,0.1805552092382503,0.33517747620166394,0.6728649970102196,0.8580692297427117,0.8477350770999281,0.39858569786647013,-0.12169827280760649
5,2,22,90,3543,59.05,29,1.6198054861217346,526.6375404770456,422.3797338630973,370.9799384439853,455.43157925194026,95.31394802621776,-18.832633814421925,0.2028200241676723,0.37502417254593046,0.733605931338666,0.9148655339939877,0.9083232112669912,0.4368245691889348,-0.16315038545763497
5,2,23,93,3704,61.733333333333334,29,1.6305396809995951,539.3773530157699,433.37058853358945,385.7393294967517,473.31795965258885,103.92148933628302,-17.45585288534526,0.21079092231132646,0.40828718334189773,0.7787165493907677,0.9910482228698956,0.9832696937664551,0.47289139376205114,-0.1573814771880279
5,2,24,95,3865,64.41666666666667,29,1.6470856936582716,555.2178429307116,444.92587626977496,396.75434348614453,487.1477916390753,114.39110920153485,-26.85414969506877,0.22307750580329788,0.44964590706350127,0.8261438138917416,1.0479037788150984,1.0412186603951725,0.5167605928079733,-0.19676167997903907
5,2,25,97,4031,67.18333333333334,29,1.663217906441218,571.6133641544798,462.9455030538914,416.3205489713258,512.5783249768789,128.97028256553736,-25.739723564545063,0.2350568136496496,0.49245378966098885,0.9001031669784563,1.148897521689081,1.14777621866362,0.5778494065817338,-0.19209207569816333
5,2,26,102,4191,69.85,29,1.7012836571820171,593.3327359355495,481.91799707671663,439.7585798158691,543.1945573074049,146.4984320748135,-43.21590471003611,0.2633233231894052,0.5491619787210216,0.9779734470447765,1.2698762399376977,1.2760625946190411,0.6512948506022196,-0.26531976486944525
5,2,27,107,4353,72.55,29,1.7190675353739382,605.5946302500258,492.8806578675462,455.2205173568765,564.4185318165232,162.07325187767813,-41.45336291067087,0.27652910930377206,0.5811771690326268,1.0229683467678674,1.3496852220897426,1.3649940720049867,0.7165555648239392,-0.2579344635864696
5,2,28,117,4514,75.23333333333333,29,1.669674290497006,591.6886728512344,455.5362142117581,444.40848464190015,535.6036635446599,147.77644365680294,-21.99915420289344,0.23985113500030297,0.5448694125661744,0.8696926475952347,1.2938773827624694,1.24425566813076,0.6566499012339398,-0.17641855708112175
5,2,29,124,4679,77.98333333333333,29,1.7016451031938704,593.23306804025,476.68607891335154,432.5691255358125,531.5822491530963,160.18877681387588,-34.139471567786686,0.2635917223919253,0.5489017508513192,0.9564996791692846,1.2327668526569493,1.2274053688209299,0.7086593457887671,-0.22728821670733176
5,2,30,131,4844,80.73333333333333,29,1.7064327897751983,599.8958821022939,484.70892383513547,441.1571706664968,539.9329412764757,166.333122069531,-29.071955471997065,0.26714691796250456,0.5662980237873321,0.9894284644010187,1.277095264845781,1.2623959587035296,0.7344050279144206,-0.2060546021983238
5,2,31,140,5008,83.46666666666667,29,1.7233116025479145,622.0843330587492,493.1272505475638,453.4317500794347,554.3973259222242,174.89996502219668,-29.918461181640534,0.27968062905383384,0.6242309550190086,1.023980456247632,1.3404522462520836,1.3230037913916233,0.7703013205709456,-0.2096015817398743
5,2,32,148,5172,86.2,29,1.740356103687053,647.5807218524878,501.11246718122135,463.19523339425757,566.1839951892712,184.23911899873903,-31.116193811591653,0.2923373754642875,0.6908007458323695,1.0567548007752978,1.3908478492318457,1.3723916150967295,0.8094337064636972,-0.2146202521236493
6,2,1,42,151,2.5166666666666666,29,1.3229114035809535,422.51628823345834,238.1147726688088,184.46412978868906,226.19045812393608,-12.567371061562175,24.373976282318296,-0.02250402976842636,-0.01287955229614035,-0.047052905866910244,-0.05713696067517038,-0.04597882774449602,-0.00962020367095229,0.017970776373875678
6,2,2,51,311,5.183333333333334,29,1.3533676289914005,428.0291115600667,249.87197519650908,195.64255050317925,237.09165446420326,-10.286501056933496,20.113255179829896,0.0,0.0,0.0,0.0,0.0,0.0,0.0
6,2,3,56,472,7.866666666666666,29,1.3644540902692504,432.96069122581144,252.1208097286226,200.15820643839677,245.84999336632853,-9.07249285019565,18.476034679434186,0.008191758869031007,0.011521598724372417,0.008999946994235453,0.023081154501429113,0.036940730461044735,0.005120417289597768,-0.00690543285505185
6,2,4,57,633,10.55,29,1.374269372836289,439.19404943069696,257.57459604014616,204.87495645341397,253.12586565235813,-7.622603017307694,17.15788241157392,0.01544424692680546,0.02608452922731508,0.03082626948292,0.04719017374538215,0.0676287456190312,0.011235730948210176,-0.012465106690215395
6,2,5,57,797,13.283333333333333,29,1.3759921738224774,437.4390410421495,266.2915673990747,209.96425484761826,260.7767993718204,-5.869799088708794,16.66111639596234,0.016717220322417514,0.021984321224754355,0.06571201988399311,0.07320342281167647,0.09989868669625901,0.018628669061363134,-0.014560355537055694
6,2,6,57,960,16.0,29,1.3900296427764018,439.1903918935417,266.4806874023841,214.83716922786851,269.03515466529166,-3.162345604298473,15.41818282770933,0.02708947147814067,0.026075984160971455,0.06646888748853597,0.09811065473907399,0.13473059721683,0.03004810721294556,-0.019802773584463893
6,2,7,57,1123,18.716666666666665,29,1.394921772312706,440.73966379826425,274.6125146251232,221.29403166062778,279.05713628716063,-0.3674704151991231,15.150050638004153,0.030704253915304403,0.02969553213768683,0.09901286212332217,0.13111401937602363,0.1770010923319676,0.04183627072049461,-0.02093369567580077
6,2,8,58,1287,21.45,29,1.41131012921235,451.69612203317024,278.5632104098276,226.27898885295068,286.79772339417616,3.285641957605234,14.389650287586417,0.042813570370477505,0.05529299254165854,0.11482374200129741,0.15659394273370797,0.20964917150838658,0.05724428826990993,-0.024140895659858178
6,2,9,59,1450,24.166666666666668,29,1.4172205007524104,453.744647803527,288.5766936644823,233.01472288950367,293.476173636315,6.454150784393337,13.372676252526563,0.04718072931048023,0.06007894217693077,0.1548981971168808,0.19102272123423947,0.23781739302268368,0.07060835557100717,-0.02843026652513846
6,2,10,61,1614,26.9,29,1.437652879742622,464.16283844413226,293.3077257893953,241.15416555597054,298.58176978578655,10.742049797664052,12.420135075629654,0.06227816370488726,0.0844188535503263,0.1738320216131748,0.2326263634150063,0.25935166491010864,0.08869376234317221,-0.03244787388904813
6,2,11,64,1775,29.583333333333332,29,1.442626283161608,467.84475948033617,301.5070028512851,248.72057446253797,302.54580788605006,14.764513032211813,12.197408301396468,0.06595299921332365,0.09302088770352701,0.206645933839392,0.27130102231260866,0.27607109819940634,0.10565961988732749,-0.03338728601106701
6,2,12,67,1937,32.28333333333333,29,1.4623969757137891,475.90901997354314,311.1270646036936,257.4168599074865,308.7828089734497,20.4460198422919,10.40465034490463,0.08056151513217658,0.11186133634454265,0.24514589664971886,0.3157508898009558,0.30237738511403633,0.129622955176035,-0.040948741350114025
6,2,13,70,2098,34.96666666666667,29,1.4698925469676456,479.8405679418198,319.7065337103107,268.3863510205742,319.2671671442095,26.142603327574047,9.556903569714176,0.08609997422731719,0.12104657132528285,0.27948135623805337,0.371819935542155,0.3465980819346526,0.15364988053600048,-0.04452434917615181
6,2,14,75,2260,37.666666666666664,29,1.4916163137732703,488.0435100652465,328.24837369150873,278.23772646364506,332.70430611663255,33.32936294102987,7.423206440818594,0.10215161189048083,0.14021102042905742,0.31366622220583706,0.4221738867543725,0.4032729531054209,0.18396203821062207,-0.05352381030740701
6,2,15,79,2421,40.35,29,1.5017133340489983,495.9483628859383,341.1832373115454,289.4347354227497,346.46557682427607,39.17847528178748,5.331192518812984,0.1096122752456794,0.15867904656840204,0.36543218599535043,0.47940585868638186,0.4613149400270704,0.2086322964446196,-0.06234746091937516
6,2,16,80,2584,43.06666666666667,29,1.5245346279170402,504.9334084347703,351.7159325817551,298.57993830343344,359.78918282449,46.53721510167188,2.3622937768391585,0.1264748729457954,0.17967071584081107,0.4075845532703375,0.5261503059304138,0.5175109543082292,0.23966982847633203,-0.07486961716600964
6,2,17,81,2748,45.8,29,1.5289404812044096,511.82725694384914,362.66731547952133,309.22911062739405,374.6800367702652,52.63025344279294,2.3596267479809128,0.1297303470630926,0.1957767430312336,0.45141252913339147,0.5805820862183504,0.5803172727314845,0.26536891246514027,-0.07488086610205621
6,2,18,83,2910,48.5,29,1.5533384003086268,525.739615033479,372.5231265902668,319.163870169505,388.6888203062408,59.21550211431296,-1.007372779712126,0.14775790925800014,0.22828004178799932,0.4908559725327344,0.6313622437891828,0.6394032138525825,0.2931440304312359,-0.08908212314462072
6,2,19,84,3074,51.233333333333334,29,1.5594968002621066,530.6532118070475,384.21797564979215,330.5296317866584,403.9153638351785,64.99292798895583,-1.4242418106987416,0.1523083357803705,0.239759627266799,0.5376593367368554,0.689456771732728,0.7036253964652421,0.31751193105472725,-0.09084038423537352
6,2,20,86,3234,53.9,29,1.5807151519751783,533.8511187187929,393.3296694523387,340.1124352666426,416.11600901596216,71.83911362520634,-8.891992654650354,0.16798652347936605,0.24723086421161766,0.5741247858748819,0.7384379542788453,0.7550850111377012,0.3463876232494694,-0.12233770058262233
6,2,21,87,3397,56.61666666666667,29,1.5893098357540267,537.5004267144889,403.60113180591526,352.8770120685464,431.60142388784215,79.66016140668711,-8.161970664796412,0.17433711410584163,0.2557567048545475,0.6152316861004823,0.8036823337304224,0.8203990556445608,0.3793750677006685,-0.11925862978401619
6,2,22,89,3558,59.3,29,1.6153498064821,545.9066669595696,408.10584959108746,362.09034355077097,443.4345072382684,86.73549188879731,-15.11452005521972,0.19357798419187988,0.2753961172637689,0.6332597894187095,0.8507750109549246,0.8703083760597712,0.4092172420197078,-0.14858294069717412
6,2,23,90,3720,62.0,29,1.6187820509745785,556.0032990990804,421.4175432564763,374.63283878992524,458.6942992137576,95.72345569324033,-15.974473296912498,0.1961140611741825,0.29898477482659414,0.6865338456826022,0.9148842510302346,0.9346707932438527,0.4471264793766897,-0.1522100326909272
6,2,24,90,3884,64.73333333333333,29,1.639349294446926,574.0892122131163,434.6358695917213,384.96148458974966,471.9045890152007,103.21610027205634,-19.2081807919588,0.2113111466014994,0.34123870715404014,0.7394342412745833,0.9676777040559688,0.990388864937674,0.4787287919749481,-0.1658490935104827
6,2,25,96,4046,67.43333333333334,29,1.661157823192846,584.9684723126043,446.2962348928465,399.0256376248861,488.5947320219019,112.4545581568002,-23.645111954106305,0.22742541465309518,0.366655810350212,0.7860995997724902,1.0395646887582455,1.060784185449561,0.5176945577907951,-0.18456308482398717
6,2,26,102,4207,70.11666666666666,29,1.683030019216785,601.8279762598443,465.1660351699657,418.9428430900654,514.459028326195,127.37081118501824,-29.93743642882164,0.24358672629924372,0.40604449558657585,0.8616174735247559,1.1413687462802602,1.1698740492945925,0.5806080039090351,-0.2111027135128804
6,2,27,105,4369,72.81666666666666,29,1.7047121242376468,620.359194557021,476.98016984156425,434.8011035443717,533.607717303285,140.9391321349884,-35.97078915279273,0.2596075801724964,0.44933878982192543,0.9088982246466353,1.2224260644021099,1.2506389712837849,0.6378361715585158,-0.23655005680974042
6,2,28,116,4531,75.51666666666667,29,1.730501028201443,631.071816963801,491.5185392959585,450.33742041478723,553.975119282794,154.98780992418904,-43.70999780811119,0.2786629376462195,0.4743665790947975,0.9670814980727995,1.301837812155639,1.3365441543470045,0.6970903777892195,-0.2691923219827094
6,2,29,125,4694,78.23333333333333,29,1.7553798367843243,638.3292856597425,507.8142920409547,466.2150557025572,573.5534079987514,169.48640022994417,-48.10606977902096,0.297045827889739,0.49132212837855915,1.0322979063241875,1.3829941620750903,1.4191210327284969,0.7582422152021393,-0.28773397829214103
6,2,30,132,4855,80.91666666666667,29,1.7746084706598273,653.9268541288557,519.8045334449866,479.7357768672451,592.0673530836202,185.54195077715556,-52.69480338166575,0.31125381799057594,0.5277625667689847,1.080283445297105,1.4521034694824695,1.4972087457975545,0.8259609655035571,-0.30708823862245394
6,2,31,139,5018,83.63333333333334,29,1.7925748860321895,674.3148822754661,534.84053616741,493.57005791014825,610.190050005328,199.7682681261648,-57.191758071912446,0.32452915795548387,0.575394906710305,1.1404582716680833,1.522815495099199,1.5736462609123856,0.885964415988387,-0.32605539586132526
6,2,32,147,5181,86.35,29,1.825455239180348,714.5663867431368,559.4711156266461,519.6583547338472,647.9258920528569,225.28518249809625,-67.7189372399652,0.34882436972485564,0.6694340815714808,1.2390310685568324,1.6561622376999354,1.7328076710126568,0.993589099909027,-0.37045670214873055
7,3,1,39,153,2.55,29,1.0059508431634063,59.71404500646093,259.2873271032517,195.0111855097033,353.2971205636124,-15.546045652523,23.26245123764236,-0.03276427696370354,-0.023400754817766045,-0.07778084300314914,-0.08914421940527328,0.018562036709059093,-0.01304173969359753,0.017086288350235207
7,3,2,46,317,5.283333333333333,29,1.04002656147312,61.14488138409144,281.1558674920663,214.09666564598655,346.8587163380877,-11.022404563586276,17.335923193497354,0.0,0.0,0.0,0.0,0.0,0.0,0.0
7,3,3,47,481,8.016666666666667,29,1.059653878271032,65.21067406012028,293.24650452765036,224.49735984803817,344.87395902845617,-2.659705474226813,14.20328316042653,0.01887193801099807,0.06649440777370885,0.043003324609347526,0.048579431027895525,-0.0057220914918479915,0.02410981386786957,-0.009031458301360373
7,3,4,50,645,10.75,29,1.0677401137075917,67.82109857691958,299.1032458530384,233.5996760813191,350.4440734325752,0.797648718161642,11.843293649029809,0.0266469658190438,0.10918685328523914,0.06383426574399542,0.09109441464904089,0.010336649839275847,0.03407742900780028,-0.01583535106874411
7,3,5,54,810,13.5,29,1.0777003049149645,75.69557078823178,307.88539301649604,243.54204943748556,368.8182810089736,3.2509604596517456,9.968145002550726,0.036223828157314175,0.23797068658515874,0.09507013231791794,0.13753312646254656,0.06330982511473526,0.04115037146515179,-0.021241438787327923
7,3,6,56,974,16.233333333333334,29,1.0902448473699704,76.80099873254997,315.5708668614207,253.32247029730232,373.11688489541274,10.215778223691345,6.674928198392729,0.048285580154529884,0.2560495170497119,0.12240541048045372,0.18321539260296782,0.07570277845268536,0.061230067998569455,-0.0307358428459189
7,3,7,57,1138,18.966666666666665,29,1.0999175504747385,84.37122345735763,327.76518997696877,264.9486040445962,361.8149727511679,17.61499446318074,4.272918648235191,0.05758601868474167,0.3798575047904038,0.16577752013735836,0.23751859117084262,0.0431191597863787,0.0825621432527409,-0.03766088015078014
7,3,8,62,1303,21.716666666666665,29,1.117049885073638,88.54775275852762,333.8918898707989,280.3599040929445,368.86512892459183,26.098086259427504,-0.0724022571313269,0.07405899661968274,0.44816296563404245,0.18756863532368095,0.30950149665817595,0.06344488850917096,0.1070190514884797,-0.05018851950562073
7,3,9,68,1467,24.45,29,1.1325348569545106,95.44144822077155,352.7051181674154,298.2356013886219,405.6568363266476,36.16607987451511,-2.4755928908065647,0.088948012395337,0.5609065887500981,0.2544825093410794,0.3929950776616058,0.16951605140361714,0.13604526054956095,-0.05711696189578634
7,3,10,72,1631,27.183333333333334,29,1.1481004507385018,93.98277162425175,361.4360801134813,314.35983994051907,443.65927992486553,47.02113060648643,-7.041144216475698,0.10391454725185412,0.537050518323583,0.28553632309907373,0.4683079673007138,0.2790777888148126,0.16734056962113913,-0.07027952956561255
7,3,11,77,1796,29.933333333333334,29,1.1596902996592038,99.30555562773594,374.47903906904895,329.197700899278,458.1662164655448,57.3369152923318,-10.347065252745711,0.11505834814121396,0.6241025148766266,0.33192681486405773,0.5376124607359065,0.3209015512211151,0.19708116485470517,-0.07981056015689136
7,3,12,83,1960,32.666666666666664,29,1.1768299006317835,103.7385140886988,386.12459382284595,345.2257239652953,446.4618299798263,67.95854567558683,-14.4194923983633,0.13153831279548456,0.6966017717337383,0.3733470948591946,0.6124759482996034,0.28715759169406074,0.22770351880732143,-0.09155144182943997
7,3,13,89,2124,35.4,29,1.1955771209341834,113.19039302696235,402.9605737449376,362.7776109806716,439.76175353662506,80.3422155791584,-17.96631762090069,0.14956402578866612,0.851183459101648,0.43322839867927865,0.6944570803383376,0.2678411492129942,0.2634058648066102,-0.1017770035797183
7,3,14,94,2289,38.15,29,1.216114111843286,112.3080522983559,407.5611737045308,380.01212036618136,443.4858626360267,92.91188125052362,-26.300055694547147,0.16931062810622,0.8367531305339322,0.44959156406732803,0.774955808954725,0.27857782361091155,0.2996444399938441,-0.12580332231153146
7,3,15,99,2453,40.88333333333333,29,1.2294675650538476,128.18039943863837,427.87891458855233,400.4079178452046,460.59688437441525,108.90378603729496,-31.236533731692948,0.18215015904247545,1.0963389990644106,0.5218566071740482,0.8702202420437866,0.3279092110963864,0.3457493929141675,-0.14003527844993263
7,3,16,102,2618,43.63333333333333,29,1.2494322875169632,135.89943862459617,437.80255810409784,421.0845319332894,481.9119442220932,124.4995440713214,-42.1959263795522,0.20134651729205433,1.222580787603821,0.5571524863035335,0.9667963098013013,0.3893609170610186,0.3907122475273554,-0.1716314071664357
7,3,17,106,2782,46.36666666666667,29,1.2570005425986697,149.03196012400807,446.46674996588433,427.0019926596462,488.44024363446323,135.52075128234785,-45.32273996689697,0.20862349978660388,1.4373579071621672,0.5879688158330283,0.9944355105730753,0.4081821232319105,0.42248658875591466,-0.1806460677185927
7,3,18,116,2946,49.1,29,1.2727505612567849,150.77167787837453,447.0573685130526,444.59896937288136,509.7307702237721,150.02797322168928,-51.161658208707536,0.22376736172394374,1.4658102929544978,0.5900694959733241,1.076627247002694,0.4695630993655957,0.464311173971761,-0.1974797754121866
7,3,19,126,3111,51.85,29,1.2827850942172108,161.07621745893567,454.00218486428713,452.9960212287057,522.9290569107242,158.94208875446492,-40.09030689149039,0.23341570469146622,1.6343369029879935,0.6147704435764558,1.115848090683226,0.5076140003961107,0.49001073149444685,-0.16556086781170481
7,3,20,146,3275,54.583333333333336,29,1.2886074433588215,161.3619463745684,467.8502807617189,462.7079549164377,531.3562328365242,170.92249589979437,-41.488836073008336,0.23901397434850646,1.639009884751387,0.6640246029185957,1.1612104678058617,0.5319097021583983,0.5245504636130769,-0.16959285292738166
7,3,21,153,3439,57.31666666666667,29,1.3130147503568657,165.16406740074373,488.3023720120968,491.5484243212569,565.1485285941496,192.0024655785448,-49.79943209000879,0.2624819394007383,1.7011920484928083,0.7367674961500696,1.2959181677964233,0.6293335066237518,0.5853244003366491,-0.19355245268816726
8,3,3,53,486,8.1,29,1.0488499723107358,57.71397372914789,286.1901432163479,222.45354548909833,387.71891385049685,-6.909828067802703,16.826259694571867,0.0,0.0,0.0,0.0,0.0,0.0,0.0
8,3,4,56,652,10.866666666666667,29,1.0630811936633435,67.1600124953095,295.0232700150384,232.6219766843975,380.32190884120496,-2.2685603930269,15.244892658902437,0.013568405137347472,0.163669873270067,0.03086453886713003,0.04571035796683898,-0.01907826712870697,0.011970702250975202,-0.004078643004450384
8,3,5,60,818,13.633333333333333,29,1.0700360728298666,78.14379301590986,304.17772925383434,240.562544266618,366.86533999447283,4.492199077443558,13.510629498765558,0.020199362233337625,0.3539839308698318,0.06285187126059943,0.08140575479570011,-0.05378528906140778,0.02940797247163146,-0.008551633870213526
8,3,6,62,984,16.4,29,1.0812598914457403,81.17946318723958,316.681098095566,251.35649906976354,342.10565107385287,9.355364310598686,12.44175563627252,0.030900433799508686,0.40658246074365634,0.10654089807757017,0.12992804190698615,-0.1176451835265181,0.04195099025959098,-0.011308460592639537
8,3,7,64,1150,19.166666666666668,29,1.0938649273050245,87.93439440903593,330.14716071154413,263.4281947836287,329.5056263808174,17.61884565666037,10.061705122447798,0.042918392699306196,0.5236239809393943,0.1535937506483811,0.18419418402364118,-0.15014301699020627,0.0632640628254758,-0.017447058501593914
8,3,8,69,1316,21.933333333333334,29,1.108123307672661,86.5641073968899,332.84332105848523,278.2337665078713,331.1248493930457,24.619355582674725,8.233004959120594,0.05651269192612873,0.4998812558486425,0.16301462139060963,0.25074997521901277,-0.14596673630235546,0.08131969456263095,-0.022163620160054416
8,3,9,75,1482,24.7,29,1.121967658978122,94.36267174268781,345.0767789976427,292.39884450941923,349.2293304479349,32.80922471052383,5.172182648146352,0.069712245409417,0.6350056259430781,0.20576053081177892,0.31442654180465146,-0.09927187461740239,0.10244290737294819,-0.03005805657167215
8,3,10,79,1648,27.466666666666665,29,1.135332945903945,95.11797752169038,358.1761075577287,306.3033060704935,372.10401894880727,41.35433945665755,2.582626180004552,0.08245504683827876,0.6480926780068854,0.25153194841851123,0.3769315539432674,-0.04027375076086859,0.12448236544650683,-0.036737009740153176
8,3,11,82,1814,30.233333333333334,29,1.1498984501932683,101.9703056709661,366.2039958177584,319.12673828964324,414.4134837170464,49.665148044667525,-0.3638878629648538,0.09634216575313537,0.7668217778507769,0.27958283853585897,0.43457699263904304,0.06885031633211192,0.14591750387056265,-0.04433662362978038
8,3,12,85,1980,33.0,29,1.1607462364192596,102.08732829454097,379.2608615146595,332.26479712237676,453.59423281932953,58.45787379854823,-3.027437118207561,0.10668471856084771,0.7688494085269117,0.3252058832367053,0.4936367788242777,0.16990483728176842,0.16859559730314447,-0.0512064181125684
8,3,13,88,2146,35.766666666666666,29,1.177720690204796,109.9507490075036,383.4840201807677,349.0537562350287,467.10420514023883,69.71284976003602,-7.666472628646699,0.12286859064327693,0.9050975336320333,0.3399623616347598,0.5691085321547935,0.2047495968183608,0.19762429711485313,-0.06317136319189959
8,3,14,96,2312,38.53333333333333,29,1.1908337460679923,100.12565546368391,398.65636732694344,365.4960152644801,453.6204827508213,79.96273451588985,-10.994807320329322,0.13537090861951406,0.7348598440574265,0.39297728023279865,0.6430217574679733,0.16997254079210555,0.2240606776722539,-0.07175576434640715
8,3,15,105,2478,41.3,29,1.208243404881859,109.47952553036431,417.11173616902227,383.6630421188847,454.2696433545691,95.32323134584784,-16.51747730843342,0.15196971614535237,0.8969327262779123,0.45746366901847857,0.7246883670716171,0.17164684808163377,0.2636782879595894,-0.08599976893534403
8,3,16,111,2643,44.05,29,1.2268818976364866,113.00499368651529,422.78739840673484,403.2019900090448,465.99982061543574,109.71406696592084,-21.73161494461556,0.1697401249232302,0.9580179007747514,0.4772954569826853,0.8125222015344515,0.20190118141908275,0.30079495961523645,-0.09944801056070023
8,3,17,118,2809,46.81666666666667,29,1.2488352034750148,128.8023094828805,438.9798502693011,421.9246636309379,484.099349571368,128.1897173811996,-28.83865882149749,0.19067096004559048,1.2317352481627881,0.5338748055255365,0.8966866214843716,0.24858327070944797,0.34844713688921625,-0.11777841339377526
8,3,18,121,2975,49.583333333333336,29,1.271353762108595,133.14769027727232,449.2984390354038,437.12016209894045,500.8810041181884,142.7938115177745,-34.590471649031485,0.21214072143002305,1.307026906553609,0.5699298165407214,0.9649952583936774,0.2918663140362725,0.3861138423680368,-0.1326134204621998
8,3,19,128,3141,52.35,29,1.2831053745366805,135.0387639965159,462.1456931086812,448.846029147025,513.6125580520757,154.34983417039388,-32.875988666925224,0.22334500491986797,1.3397932124766498,0.6148204404067061,1.0177067897936531,0.32470338614979966,0.4159189982162639,-0.12819144639578278
8,3,20,145,3307,55.11666666666667,29,1.3002648103519212,142.88832707411046,465.94672426639033,465.0600078021345,532.1883291808709,169.26179211491785,-36.72852774991844,0.23970524353191314,1.4758012287403126,0.628101929122534,1.0905938216432047,0.37261379357438584,0.45437974235802114,-0.13812786926649873
8,3,21,150,3473,57.88333333333333,29,1.31557920118618,142.13651673996193,483.15814106180306,478.32442893619555,547.2859562200185,185.2149766446634,-36.65224024996484,0.2543063697544934,1.4627747416424604,0.6882417250008346,1.1502216468814903,0.41155341323134476,0.4955260056942922,-0.1379311094561609
9,3,1,35,153,2.55,29,1.0040642030733378,63.53008738494063,221.79694151193755,190.00835373887193,280.3724676910272,-11.244521802857768,22.877277670669784,-0.025823561683756657,-0.06549810146879465,-0.052208480210308106,-0.08649107906734621,-0.06319090964930962,-0.011014759936152385,0.014642093515145449
9,3,2,42,318,5.3,29,1.0306800324679912,67.98283394051253,234.01448196239684,207.99835599293488,299.28452934425627,-7.947974559526432,18.49512560437489,0.0,0.0,0.0,0.0,0.0,0.0,0.0
9,3,3,50,482,8.033333333333333,29,1.041810978775624,73.86329579431468,241.85081139991942,207.99525206561017,299.28452934425627,-7.947974559526432,18.49512560437489,0.010799613805440034,0.08649921624255574,0.03348651490202115,-1.4922845470999313e-05,0.0,0.0,0.0
9,3,4,52,647,10.783333333333333,29,1.0542294675305808,76.39431945270816,246.0475574295595,224.36655833187635,321.4057908959565,-3.2752625611932915,13.493565201514912,0.022848444057075312,0.12372955089745119,0.05142021710047939,0.07869390246285146,0.07391381572635503,0.015612942000614695,-0.016711723836239006
9,3,5,54,812,13.533333333333333,29,1.0583909148651358,84.46772777409143,249.98464425762046,233.27331409397993,331.09138408269894,1.9797257270674349,11.36365882319746,0.02688601847732519,0.2424861230116382,0.06824433326220314,0.12151518208107182,0.1062763077267399,0.03317144494019064,-0.023828384303066868
9,3,6,59,977,16.283333333333335,29,1.067811595328352,86.37209735877725,261.00468139076935,241.51529141983715,338.4652334405163,6.674590909268364,9.351645908750012,0.03602627555658389,0.2704986296151761,0.11533559462661591,0.16114038626363358,0.13091456542075997,0.048858407418630664,-0.030551127101887256
9,3,7,63,1141,19.016666666666666,29,1.0782509323184788,91.77827718850227,262.43476860055915,249.60160720605927,350.966507419266,11.08674361935508,6.711596270542097,0.04615486703140825,0.35002134904837323,0.12144670022058324,0.20001721174439258,0.17268509731607873,0.06360074214523316,-0.03937233026929575
9,3,8,65,1306,21.766666666666666,29,1.0965776575544894,94.79176036579143,271.70992516221185,259.27306083381455,351.1616159261706,16.754943180807466,3.1543734076358585,0.06393606455022183,0.39434846815503,0.16108166846645067,0.24651495246732313,0.17333701376271948,0.08253990874322481,-0.0512580861775622
9,3,9,67,1471,24.516666666666666,29,1.1093986005004208,101.92877667565615,284.90973774770663,272.20291820260445,361.9292266677087,25.68010405411253,1.1054448136409216,0.0763753692248561,0.4993310923879337,0.21748763306660668,0.30867821960982433,0.20931485319575094,0.11236156672488001,-0.058104175410721756
9,3,10,71,1636,27.266666666666666,29,1.1156875723058042,103.8456927729903,292.9001878697923,287.6067568688148,384.83793270648835,33.20212770405551,-2.343274312629439,0.08247713854925487,0.5275281531196403,0.2516327426131586,0.38273572161591507,0.28585975877096903,0.13749491947927736,-0.06962738756547843
9,3,11,76,1800,30.0,29,1.131647918250476,109.1114857309171,303.16853996400675,302.19418277496266,395.02070516689184,43.23181237457851,-4.733164118581481,0.09796239628385384,0.6049858384308255,0.29551187354602315,0.4528681312520919,0.31988347687866514,0.17100712504666307,-0.07761273118209763
9,3,12,80,1965,32.75,29,1.1499738285102878,109.20742826433516,314.16722791769376,315.1256861866751,400.310056170958,52.89305473663982,-7.85459827173181,0.11574280308569129,0.6063971143052915,0.34251190474688853,0.5150393121250394,0.3375567960296928,0.20328825358755176,-0.08804238539773487
9,3,13,84,2131,35.516666666666666,29,1.1625669742783151,114.65249690260927,322.49394620402484,330.07828174296384,441.1498906142401,62.56196436708169,-10.967944643897669,0.12796109137237965,0.6864918723884679,0.37809396879909984,0.586927358955547,0.47401501701680404,0.2355950007877055,-0.09844501589449765
9,3,14,93,2295,38.25,29,1.1726713424754196,113.83801485164638,335.95923866910124,345.87366819694444,458.24219606325386,69.09472967916265,-14.455113959005825,0.13776468499872485,0.6745111707355242,0.43563439258894077,0.6628673171277026,0.531125571599975,0.25742294266760984,-0.11009670174257233
9,3,15,102,2460,41.0,29,1.1882481200143071,118.83277142211585,347.8925721624519,362.13798196746257,463.0288120896754,81.48974119396462,-18.08430698390889,0.15287779192637974,0.747982020374421,0.4866283883163858,0.7410617513715512,0.5471191013587942,0.29883841957836066,-0.12222293169790868
9,3,16,107,2625,43.75,29,1.201611360423279,120.9536828683706,359.2565536213278,377.7376783146909,451.02429302435695,93.85773910878264,-21.863628875189733,0.16584325161125713,0.7791797702080132,0.5351894062652744,0.8160608842866124,0.5070083776550971,0.340163635893139,-0.1348507875365031
9,3,17,112,2790,46.5,29,1.220345001900966,132.93127346574585,375.65855137209456,394.2305687084189,480.4859113203572,107.5913639893831,-26.716165018431724,0.18401925278286124,0.9553652850374783,0.6052790759866653,0.8953542532894339,0.6054485421385463,0.38605182433606106,-0.15106457631427278
9,3,18,123,2954,49.233333333333334,29,1.238117341576917,138.96498134006728,384.98133731989674,411.2683629596714,566.7115836546985,123.83262119413207,-31.4627699349376,0.20126256701821577,1.0441186882804372,0.6451175760214634,0.9772673730827037,0.8935545545784978,0.4403187697085271,-0.16692441687103615
9,3,19,131,3119,51.983333333333334,29,1.254656488732054,143.99207240231476,394.9068658950178,425.9693533259178,613.886206001458,135.76073704179532,-35.71097234280328,0.21730939691122675,1.118065165219695,0.6875317398453755,1.047945770015542,1.0511792151318544,0.4801742071873645,-0.18111894412299154
9,3,20,146,3284,54.733333333333334,29,1.2725172716105455,149.03164791584615,409.2183525475969,445.04671932832326,593.6195145474537,152.99458290497344,-43.82714421677832,0.23463852167919508,1.1921952833895433,0.7486881543226589,1.1396646007309803,0.9834620782039638,0.5377576910411344,-0.20823752553365743
9,3,21,160,3449,57.483333333333334,29,1.2842750504609035,151.66935073868018,412.51729127500545,456.6500552748295,571.2958192845285,168.42074066734855,-46.84745755382789,0.24604630923689497,1.2309948254201406,0.762785310617194,1.1954503106281313,0.9088718703110357,0.5893011430069758,-0.21832930456302188
