tool,machine,MAE_all,MAE_test20,RMSE_test20,Bias_test20,Late_pct_test20,Late_pct_all,model,setting
1,1,25.854315380658505,24.85370033957742,24.87757697848788,24.85370033957742,100.0,100.0,GRU[sensors+time],เครื่องใหม่ (LOMO)
1,1,17.737423707436825,18.95526594104189,18.97182526169038,18.95526594104189,100.0,100.0,GRU[time],เครื่องใหม่ (LOMO)
1,1,13.802657004830916,13.378030303030302,13.411001391892155,13.378030303030302,100.0,100.0,Fleet (ทุกเครื่อง),เครื่องใหม่ (LOMO)
2,1,24.142962316307276,23.741122387972744,23.7427116814003,23.741122387972744,100.0,100.0,GRU[sensors+time],เครื่องใหม่ (LOMO)
2,1,16.005577232219554,17.612026051607998,17.61302990333118,17.612026051607998,100.0,100.0,GRU[time],เครื่องใหม่ (LOMO)
2,1,12.10737721417069,12.081212121212118,12.08183970218218,12.081212121212118,100.0,100.0,Fleet (ทุกเครื่อง),เครื่องใหม่ (LOMO)
3,1,23.1926263085878,22.835021905789432,22.852976926749992,22.835021905789432,100.0,100.0,GRU[sensors+time],เครื่องใหม่ (LOMO)
3,1,14.450355261246228,15.82344679996885,15.837660042099381,15.82344679996885,100.0,100.0,GRU[time],เครื่องใหม่ (LOMO)
3,1,10.392096959265634,10.059770114942527,10.092074794560524,10.059770114942527,100.0,100.0,Fleet (ทุกเครื่อง),เครื่องใหม่ (LOMO)
4,2,19.776293599172156,3.9973180076628356,5.523036049408436,-3.9973180076628356,0.0,0.0,GRU[sensors+time],เครื่องใหม่ (LOMO)
4,2,20.79922971466333,3.9973180076628356,5.523036049408436,-3.9973180076628356,0.0,0.0,GRU[time],เครื่องใหม่ (LOMO)
4,2,20.57497873878471,3.9973180076628356,5.523036049408436,-3.9973180076628356,0.0,0.0,Fleet (ทุกเครื่อง),เครื่องใหม่ (LOMO)
5,2,21.762924172401064,5.529885057471266,7.04128855907485,-5.529885057471266,0.0,0.0,GRU[sensors+time],เครื่องใหม่ (LOMO)
5,2,22.69250542386209,5.529885057471266,7.04128855907485,-5.529885057471266,0.0,0.0,GRU[time],เครื่องใหม่ (LOMO)
5,2,22.467898754092793,5.529885057471266,7.04128855907485,-5.529885057471266,0.0,0.0,Fleet (ทุกเครื่อง),เครื่องใหม่ (LOMO)
6,2,21.975111534127414,5.783812260536399,7.263145588805791,-5.783812260536399,0.0,0.0,GRU[sensors+time],เครื่องใหม่ (LOMO)
6,2,23.11935362983744,5.783812260536399,7.263145588805791,-5.783812260536399,0.0,0.0,GRU[time],เครื่องใหม่ (LOMO)
6,2,22.895455415231535,5.783812260536399,7.263145588805791,-5.783812260536399,0.0,0.0,Fleet (ทุกเครื่อง),เครื่องใหม่ (LOMO)
7,3,25.47729540470142,24.58018617918997,24.61231195436429,24.58018617918997,100.0,100.0,GRU[sensors+time],เครื่องใหม่ (LOMO)
7,3,18.57201825938939,20.304031907283896,20.32541796516572,20.304031907283896,100.0,100.0,GRU[time],เครื่องใหม่ (LOMO)
7,3,15.742914653784224,15.193569023569026,15.234686695189573,15.193569023569026,100.0,100.0,Fleet (ทุกเครื่อง),เครื่องใหม่ (LOMO)
8,3,26.479618772109948,26.094024145978057,26.11984256312586,26.094024145978057,100.0,100.0,GRU[sensors+time],เครื่องใหม่ (LOMO)
8,3,18.43349991083743,19.951258469827522,19.97521986002893,19.951258469827522,100.0,100.0,GRU[time],เครื่องใหม่ (LOMO)
8,3,15.20353313840157,14.629786862334038,14.674101552732115,14.629786862334038,100.0,100.0,Fleet (ทุกเครื่อง),เครื่องใหม่ (LOMO)
9,3,25.530814145958942,24.676257933414345,24.71832163021557,24.676257933414345,100.0,100.0,GRU[sensors+time],เครื่องใหม่ (LOMO)
9,3,18.787270419493964,20.402360071124445,20.430782636195083,20.402360071124445,100.0,100.0,GRU[time],เครื่องใหม่ (LOMO)
9,3,15.946900161030602,15.279629629629635,15.332611010735732,15.279629629629635,100.0,100.0,Fleet (ทุกเครื่อง),เครื่องใหม่ (LOMO)
