tool,machine,T_eol_true,t_replace,margin_min,late,plan_lead_min,accel_alarm_err_min,model
1,1,54.5,51.666666666666664,2.8333333333333357,False,8.283333333333331,4.066666666666663,GRU[full]
2,1,56.294444444444444,50.6,5.694444444444443,False,11.211111111111109,-3.5833333333333286,GRU[full]
3,1,57.93333333333333,50.81666666666667,7.11666666666666,False,12.599999999999994,-1.9333333333333371,GRU[full]
4,2,81.48333333333333,79.16666666666667,2.316666666666663,False,7.816666666666663,2.0166666666666657,GRU[full]
5,2,83.46666666666667,77.86666666666666,5.6000000000000085,False,11.166666666666671,-0.13333333333332575,GRU[full]
6,2,84.0,77.85,6.150000000000006,False,11.63333333333334,-0.6666666666666714,GRU[full]
7,3,53.733333333333334,48.0,5.733333333333334,False,11.149999999999999,-3.383333333333333,GRU[full]
8,3,54.266666666666666,49.96666666666667,4.299999999999997,False,9.816666666666663,2.9499999999999957,GRU[full]
9,3,53.5,49.233333333333334,4.266666666666666,False,9.81666666666667,1.9166666666666643,GRU[full]
1,1,54.5,52.5,2.0,False,7.5,4.783333333333331,GRU[time+machine]
2,1,56.294444444444444,51.06666666666667,5.227777777777774,False,10.677777777777777,-3.5166666666666657,GRU[time+machine]
3,1,57.93333333333333,50.25,7.68333333333333,False,13.099999999999994,-1.8666666666666671,GRU[time+machine]
4,2,81.48333333333333,78.41666666666667,3.066666666666663,False,8.566666666666663,1.4500000000000028,GRU[time+machine]
5,2,83.46666666666667,77.2,6.266666666666666,False,11.366666666666674,-0.7166666666666686,GRU[time+machine]
6,2,84.0,76.93333333333334,7.066666666666663,False,12.483333333333334,-0.7999999999999972,GRU[time+machine]
7,3,53.733333333333334,48.333333333333336,5.399999999999999,False,10.950000000000003,-3.1999999999999957,GRU[time+machine]
8,3,54.266666666666666,48.483333333333334,5.783333333333331,False,11.18333333333333,1.7666666666666657,GRU[time+machine]
9,3,53.5,48.78333333333333,4.716666666666669,False,10.200000000000003,0.75,GRU[time+machine]
1,1,54.5,50.13333333333333,4.366666666666667,False,9.133333333333333,4.133333333333333,GRU[sensors+time]
2,1,56.294444444444444,50.21666666666667,6.077777777777776,False,10.544444444444444,-1.68333333333333,GRU[sensors+time]
3,1,57.93333333333333,52.9,5.033333333333331,False,9.833333333333329,2.43333333333333,GRU[sensors+time]
4,2,81.48333333333333,79.23333333333333,2.25,False,7.816666666666663,0.8499999999999943,GRU[sensors+time]
5,2,83.46666666666667,76.81666666666666,6.650000000000006,False,12.216666666666669,-2.5,GRU[sensors+time]
6,2,84.0,78.68333333333334,5.316666666666663,False,10.833333333333329,0.0,GRU[sensors+time]
7,3,53.733333333333334,45.983333333333334,7.75,False,12.850000000000001,-3.9833333333333343,GRU[sensors+time]
8,3,54.266666666666666,50.36666666666667,3.8999999999999986,False,9.066666666666663,3.8500000000000014,GRU[sensors+time]
9,3,53.5,50.43333333333333,3.06666666666667,False,8.366666666666667,3.4833333333333343,GRU[sensors+time]
1,1,54.5,52.5,2.0,False,7.5,4.783333333333331,Fleet
2,1,56.294444444444444,51.06666666666667,5.227777777777774,False,10.677777777777777,-2.8499999999999943,Fleet
3,1,57.93333333333333,50.06666666666667,7.86666666666666,False,13.299999999999997,-1.6833333333333371,Fleet
4,2,81.48333333333333,78.41666666666667,3.066666666666663,False,8.5,1.5166666666666657,Fleet
5,2,83.46666666666667,77.53333333333333,5.933333333333337,False,11.366666666666674,-0.5833333333333286,Fleet
6,2,84.0,77.13333333333334,6.86666666666666,False,12.283333333333331,-0.7999999999999972,Fleet
7,3,53.733333333333334,48.666666666666664,5.06666666666667,False,10.550000000000004,-2.75,Fleet
8,3,54.266666666666666,48.28333333333333,5.983333333333334,False,11.449999999999996,1.8999999999999986,Fleet
9,3,53.5,48.78333333333333,4.716666666666669,False,10.200000000000003,1.06666666666667,Fleet
1,1,54.5,49.3,5.200000000000003,False,10.266666666666666,2.2666666666666657,StateSpace
2,1,56.294444444444444,48.333333333333336,7.961111111111109,False,12.577777777777776,-4.149999999999999,StateSpace
3,1,57.93333333333333,49.483333333333334,8.449999999999996,False,13.349999999999994,-0.6000000000000014,StateSpace
4,2,81.48333333333333,73.66666666666667,7.816666666666663,False,11.766666666666666,-1.38333333333334,StateSpace
5,2,83.46666666666667,72.55,10.916666666666671,False,14.400000000000006,-2.816666666666663,StateSpace
6,2,84.0,76.61666666666666,7.38333333333334,False,12.483333333333334,0.0,StateSpace
7,3,53.733333333333334,43.36666666666667,10.366666666666667,False,15.016666666666666,-7.483333333333334,StateSpace
8,3,54.266666666666666,49.4,4.866666666666667,False,9.5,6.75,StateSpace
9,3,53.5,53.25,0.25,False,5.883333333333333,5.5,StateSpace
