tool,machine,MAE_all,MAE_test20,RMSE_test20,Bias_test20,Late_pct_test20,Late_pct_all,model,output
1,1,1.7141667856686356,1.399861132881858,1.4385897730358297,1.399861132881858,0.0,0.0,GRU[full],raw
1,1,1.9647915919621781,1.4030992450136126,1.57918375519553,1.4030992450136126,0.0,0.0,GRU[full],smooth
2,1,1.0272238946911214,1.1615114341841801,1.2639152193102536,-1.0051123134295146,0.0,0.0,GRU[full],raw
2,1,0.8973467985405055,0.889585197911118,0.9429056261830701,-0.889585197911118,0.0,0.0,GRU[full],smooth
3,1,2.289460639883849,1.924368186688969,2.351351101451905,-1.5987849200251434,0.0,0.0,GRU[full],raw
3,1,2.2320395985623547,1.490567880937421,1.8382308582232272,-1.490567880937421,0.0,0.0,GRU[full],smooth
4,2,1.7884737016960337,0.9564749593478958,1.0671778265114076,0.9555768773016794,0.0,0.2296211251435132,GRU[full],raw
4,2,1.8448972437785949,1.5222065655207724,1.720877157027354,1.5222065655207724,0.0,0.0,GRU[full],smooth
5,2,0.94575061859685,1.4228216479792897,1.5007503901788564,0.6345142022631621,0.0,0.0,GRU[full],raw
5,2,0.6304380837318977,0.7593145344905946,0.8470498667083903,-0.7593145344905946,0.0,0.0,GRU[full],smooth
6,2,1.5676284173736617,1.8928133035299883,2.145180750440551,-1.72393731931617,0.0,0.0,GRU[full],raw
6,2,1.4921833992004392,1.1913572886894486,1.3192044109565284,-1.1913572886894486,0.0,0.0,GRU[full],smooth
7,3,1.309981068903986,1.5689946877233913,1.9836278141802284,-1.0602801463459486,0.0,0.0,GRU[full],raw
7,3,0.5436807797150918,0.6273042540116749,0.8106530687855455,-0.6273042540116749,0.0,0.0,GRU[full],smooth
8,3,0.32032242794532867,0.6782239790607546,0.7047231665072857,0.021790304536340108,0.0,0.0,GRU[full],raw
8,3,0.1085987961083141,0.08176570328526656,0.10191008664220137,0.08176570328526656,0.0,0.0,GRU[full],smooth
9,3,0.5348878609745399,0.46765526991901973,0.5359863823860428,0.37747339035525473,0.0,0.0,GRU[full],raw
9,3,0.291779950621047,0.24994272694443162,0.3145524446623763,0.24994272694443162,0.0,0.0,GRU[full],smooth
1,1,2.3778781849045107,2.4135957883704795,2.5146695893108735,2.4135957883704795,60.0,21.195652173913043,GRU[time+machine],raw
1,1,2.099456068052761,1.8774596306771942,2.048068688720916,1.8774596306771942,0.0,0.0,GRU[time+machine],smooth
2,1,0.3747611477827102,0.20870026004434822,0.30897482260663806,0.09840832323739025,0.0,0.0,GRU[time+machine],raw
2,1,0.5715481243751661,0.3070809784802515,0.3228745984768135,-0.3070809784802515,0.0,0.0,GRU[time+machine],smooth
3,1,2.4884619324424766,1.7009338083280894,2.0548401808322976,-1.446794737584287,0.0,0.0,GRU[time+machine],raw
3,1,2.551789405711133,1.6159501418300033,2.004416576321522,-1.6159501418300033,0.0,0.0,GRU[time+machine],smooth
4,2,1.8431834578673765,1.9069259923650836,2.0329255828966653,1.9069259923650836,0.0,0.0,GRU[time+machine],raw
4,2,1.580319286423809,1.4084412812273157,1.594797261204476,1.4084412812273157,0.0,0.0,GRU[time+machine],smooth
5,2,1.1857691227614187,0.8056743587228085,0.8530904950468468,-0.6336941704325305,0.0,0.0,GRU[time+machine],raw
5,2,1.3684775085865306,0.9609247179323699,1.0742319226867472,-0.9609247179323699,0.0,0.0,GRU[time+machine],smooth
6,2,1.9297667675053896,1.335701138477673,1.4510897845074626,-1.1966161229943866,0.0,0.0,GRU[time+machine],raw
6,2,2.1542235552922446,1.595031474467895,1.7779579638235583,-1.595031474467895,0.0,0.0,GRU[time+machine],smooth
7,3,0.45867288416422547,0.5206261983784755,0.5978387548362726,0.5205483539899183,0.0,0.0,GRU[time+machine],raw
7,3,0.6048873269039661,0.20296019005053106,0.25751536501925176,-0.20296019005053106,0.0,0.0,GRU[time+machine],smooth
8,3,0.7939739906623541,0.8458597236834231,0.9626887117861036,-0.4361506821599392,0.0,0.0,GRU[time+machine],raw
8,3,0.6718982012349553,0.4492496457489775,0.5802038249545391,-0.4492496457489775,0.0,0.0,GRU[time+machine],smooth
9,3,0.417915547484361,0.6940996979944634,0.7199984107936638,0.6940996979944634,0.0,0.0,GRU[time+machine],raw
9,3,0.20682942867279033,0.08062206499504289,0.10836991298718693,0.08062206499504289,0.0,0.0,GRU[time+machine],smooth
1,1,3.7316913883755167,0.8197339553544015,0.967407232659281,0.8196572377464989,0.0,32.971014492753625,GRU[sensors+time],raw
1,1,6.458635499843076,0.3051733877442094,0.3611222191684578,0.3051733877442094,0.0,65.94202898550725,GRU[sensors+time],smooth
2,1,3.8527934479924597,2.0145851228213068,2.2667929541896927,-1.72127819740411,0.0,31.521739130434785,GRU[sensors+time],raw
2,1,5.345244670326967,1.1210438943631722,1.2090126538581887,-1.1210438943631722,0.0,62.86231884057971,GRU[sensors+time],smooth
3,1,3.22414832758753,1.6923267433355578,1.9950235996539063,-1.0381160312342892,0.0,28.74354561101549,GRU[sensors+time],raw
3,1,3.2088190846927422,0.20935147822588124,0.2740406400931105,-0.2047183672587052,0.0,51.11876075731497,GRU[sensors+time],smooth
4,2,3.7417859853522963,0.5333781551812342,0.622657241803023,0.3195418244349081,0.0,9.299655568312284,GRU[sensors+time],raw
4,2,5.598045545111568,1.5748395408250366,1.779240740475686,1.5748395408250366,0.0,0.0,GRU[sensors+time],smooth
5,2,4.546237271652339,2.98455913066864,3.155870611260226,1.7379393470698377,56.896551724137936,11.366245694603903,GRU[sensors+time],raw
5,2,7.024010293656185,1.4588748310717605,1.6467256887228428,-1.4588748310717605,0.0,0.0,GRU[sensors+time],smooth
6,2,3.0699784412039137,1.906501163079821,2.181022697886652,-1.6016039495952288,0.0,0.0,GRU[sensors+time],raw
6,2,5.046933010917398,0.4808122581905777,0.5281285923704704,-0.4808122581905777,0.0,0.0,GRU[sensors+time],smooth
7,3,3.8789483649431227,1.71409484502041,2.108758014858567,-0.8112719443350135,0.0,14.673913043478262,GRU[sensors+time],raw
7,3,3.4231531048742476,1.51537729032112,2.0665986838729618,-1.51537729032112,0.0,29.166666666666668,GRU[sensors+time],smooth
8,3,2.5175244854655783,0.7230765554889946,0.8563991362559248,0.6970749089552927,0.0,20.112781954887218,GRU[sensors+time],raw
8,3,3.739175594390784,0.5595885689153623,0.6862745842661021,0.5595885689153623,0.0,33.83458646616541,GRU[sensors+time],smooth
9,3,2.6441134275877536,0.7266123519521771,0.8522051123392661,0.4944461592038473,0.0,24.456521739130434,GRU[sensors+time],raw
9,3,4.150581162678447,1.1017165970079823,1.318044337184009,1.1017165970079823,0.0,48.731884057971016,GRU[sensors+time],smooth
1,1,2.5125704508856668,2.1054545454545437,2.2839416169780486,2.1054545454545437,0.0,0.0,Fleet,smooth
2,1,0.07665056360708328,0.07212121212121021,0.07489611211155965,-0.07212121212121021,0.0,0.0,Fleet,smooth
3,1,2.338817173455721,1.5479406130268158,1.9140150810040009,-1.5479406130268158,0.0,0.0,Fleet,smooth
4,2,2.146326061997704,1.731034482758621,1.9414053973825127,1.731034482758621,0.0,0.0,Fleet,smooth
5,2,0.6962686567164125,0.5811781609195358,0.6458758174136799,-0.5811781609195358,0.0,0.0,Fleet,smooth
6,2,1.4641408342900935,1.2203544061302725,1.35176954056696,-1.2203544061302725,0.0,0.0,Fleet,smooth
7,3,0.13982487922705195,0.09893939393939304,0.1216158050600487,0.09893939393939304,0.0,0.0,Fleet,smooth
8,3,0.5968045112781942,0.3830188679245274,0.4922672485806426,-0.3830188679245274,0.0,0.0,Fleet,smooth
9,3,0.46319444444444446,0.3153030303030302,0.3933121463220331,0.3153030303030302,0.0,0.0,Fleet,smooth
1,1,2.42310470475126,1.730454525318733,1.8496455090346342,1.730454525318733,0.0,36.775362318840585,StateSpace,smooth
2,1,0.915853305202006,0.9958668117167793,1.0634774085860512,-0.9958668117167793,0.0,0.0,StateSpace,smooth
3,1,1.616056725823811,0.8623407985791023,1.05270923807634,-0.8623407985791023,0.0,0.0,StateSpace,smooth
4,2,2.4346694242630824,0.7905733666993758,0.9754633943853444,-0.7905733666993758,0.0,59.931113662456944,StateSpace,smooth
5,2,1.1114754530613975,2.4039984303254327,2.882091610586204,-2.4039984303254327,0.0,0.0,StateSpace,smooth
6,2,0.8785039115751521,0.6503793926224412,0.7480088844945132,-0.6503793926224412,0.0,0.0,StateSpace,smooth
7,3,2.1791161974088475,1.9842195599316663,2.832990489390145,-1.9842195599316663,0.0,0.0,StateSpace,smooth
8,3,1.0489466760592316,2.325776563521664,2.3996173197229083,2.325776563521664,27.358490566037734,5.451127819548872,StateSpace,smooth
9,3,1.6532801213655726,4.037361488512493,4.087773977783311,4.037361488512493,92.72727272727272,30.253623188405797,StateSpace,smooth
