tool,model,acc,macroF1
1,GRU[full],0.8840579710144928,0.7717027564526392
2,GRU[full],0.9057971014492754,0.7514993867106542
3,GRU[full],0.9173838209982789,0.8232662802051455
4,GRU[full],0.9540757749712974,0.8568698428790843
5,GRU[full],0.9873708381171068,0.9428071204330392
6,GRU[full],0.9770378874856487,0.910103601056449
7,GRU[full],0.9166666666666666,0.8754985754985755
8,GRU[full],0.9360902255639098,0.9323852878439268
9,GRU[full],0.9492753623188406,0.9246271750715755
1,GRU[time+machine],0.8568840579710145,0.6569910213186348
2,GRU[time+machine],0.927536231884058,0.8754383837266286
3,GRU[time+machine],0.919104991394148,0.8247978440733833
4,GRU[time+machine],0.9598163030998852,0.8695606045003635
5,GRU[time+machine],0.9758897818599311,0.9099887285386122
6,GRU[time+machine],0.965556831228473,0.8701774473513604
7,GRU[time+machine],0.9384057971014492,0.927234993614304
8,GRU[time+machine],0.943609022556391,0.9081365095945527
9,GRU[time+machine],0.980072463768116,0.9670589350881523
1,GRU[sensors+time],0.9039855072463768,0.8660889939510357
2,GRU[sensors+time],0.9420289855072463,0.7681467738610596
3,GRU[sensors+time],0.9432013769363167,0.912433607306053
4,GRU[sensors+time],0.9632606199770379,0.8650822172585789
5,GRU[sensors+time],0.9460390355912744,0.8530535152124964
6,GRU[sensors+time],0.9942594718714122,0.9676970203285992
7,GRU[sensors+time],0.8677536231884058,0.769900153609831
8,GRU[sensors+time],0.9060150375939849,0.872461396470838
9,GRU[sensors+time],0.9057971014492754,0.8399472811237517
1,Fleet,0.8568840579710145,0.6569910213186348
2,Fleet,0.9438405797101449,0.9428467819966008
3,Fleet,0.9242685025817556,0.8294442695080159
4,Fleet,0.9563719862227325,0.855516181108768
5,Fleet,0.9862227324913893,0.9497932737072227
6,Fleet,0.9747416762342136,0.9074395870170519
7,Fleet,0.9438405797101449,0.9363898396353916
8,Fleet,0.943609022556391,0.9137994528619529
9,Fleet,0.9637681159420289,0.9360246223033096
1,StateSpace,0.8931159420289855,0.6339506607482174
2,StateSpace,0.9021739130434783,0.7616860547595404
3,StateSpace,0.9759036144578314,0.936343554209445
4,StateSpace,0.9644087256027555,0.9178560570181342
5,StateSpace,0.9506314580941446,0.889580582052353
6,StateSpace,0.9988518943742825,0.9931968799483902
7,StateSpace,0.7536231884057971,0.6322755133950163
8,StateSpace,0.7913533834586466,0.4893335244765747
9,StateSpace,0.8134057971014492,0.5027795884938743
