tool,machine,MAE_all,MAE_test20,RMSE_test20,Bias_test20,Late_pct_test20,Late_pct_all,variant
1,1,1.8718042011998124,1.4156015812266955,1.5892743301558583,1.4156015812266955,0.0,0.0,direct
2,1,1.673925353058774,1.4389357114199435,1.5492294290571909,-1.4389357114199435,0.0,0.0,direct
4,2,1.5597179247144073,1.5999080453339198,1.8013765156379247,1.5999080453339198,0.0,0.0,direct
5,2,4.028502671964043,2.604871247828693,3.0090280088627357,-2.604871247828693,0.0,0.0,direct
7,3,1.5244610045843088,1.1661546522198307,1.5543943659659007,-1.1661546522198307,0.0,0.0,direct
8,3,1.6048268448440064,2.1841303699421437,2.3665111850087914,2.1841303699421437,33.0188679245283,6.578947368421052,direct
1,1,1.7700959440590673,1.0467972778551498,1.196022082089573,1.0467972778551498,0.0,0.0,direct+noise
2,1,1.6217038378815334,1.7985602124532063,1.955541849008511,-1.7985602124532063,0.0,0.0,direct+noise
4,2,1.4581621078070763,1.2635571183829468,1.4413942391680263,1.2635571183829468,0.0,0.0,direct+noise
5,2,2.592208891356535,1.737754570752725,1.9719227719379946,-1.737754570752725,0.0,0.0,direct+noise
7,3,0.45313415400647933,0.5229778740622787,0.6714115081060317,-0.5229778740622787,0.0,0.0,direct+noise
8,3,0.06597309226081498,0.005898410869094802,0.008695513846932798,0.001366743651577612,0.0,0.0,direct+noise
1,1,1.7320336323429415,1.3836937967936194,1.5567682104994391,1.3836937967936194,0.0,0.0,prior
2,1,1.7728102250711546,1.5145892577460318,1.6340973488878696,-1.5145892577460318,0.0,0.0,prior
4,2,1.8903981160259855,1.5039340110574198,1.6993948418736078,1.5039340110574198,0.0,0.0,prior
5,2,1.882706636530297,1.5073197821547712,1.702597079369663,-1.5073197821547712,0.0,0.0,prior
7,3,0.37382860264340373,0.2846205000443889,0.34906732804349716,0.2846205000443889,0.0,0.0,prior
8,3,0.45200996823179346,0.29771627240210885,0.38033505353856584,-0.29771627240210885,0.0,0.0,prior
1,1,1.7005200330761892,1.364480705550222,1.536727275355362,1.364480705550222,0.0,0.0,prior+noise
2,1,1.7625629234621105,1.4932753869258995,1.6101469344591157,-1.4932753869258995,0.0,0.0,prior+noise
4,2,1.8746263335410815,1.4987062841539636,1.6936740009785287,1.4987062841539636,0.0,0.0,prior+noise
5,2,1.8911866158486519,1.51106673273547,1.7069569320989397,-1.51106673273547,0.0,0.0,prior+noise
7,3,0.4755402851795796,0.32897590348214734,0.402679854565899,0.32897590348214734,0.0,0.0,prior+noise
8,3,0.4451083174923003,0.2915652125136652,0.37231668053811556,-0.2915652125136652,0.0,0.0,prior+noise
1,1,1.7098329307568436,1.3698484848484846,1.5424091850984594,1.3698484848484846,0.0,0.0,(Fleet reference)
2,1,1.7323872785829306,1.483030303030303,1.5986431536337093,-1.483030303030303,0.0,0.0,(Fleet reference)
4,2,1.888538078836587,1.5088122605363996,1.7044341540348857,1.5088122605363996,0.0,0.0,(Fleet reference)
5,2,1.8885572139303488,1.5089080459770126,1.7044449252448293,-1.5089080459770126,0.0,0.0,(Fleet reference)
7,3,0.49782608695652003,0.3551515151515139,0.4340087975647902,0.3551515151515139,0.0,0.0,(Fleet reference)
8,3,0.4905701754385947,0.31871069182389816,0.40775051462909556,-0.31871069182389816,0.0,0.0,(Fleet reference)
