epoch,train_loss,lr,sec,val_loss,val_mae,member
1,0.10983710156546699,0.00010999999999999996,2.0,0.11875645071268082,69.37822257080249,1
2,0.07837256540854771,0.00020499999999999994,1.58,0.11235491931438446,66.17745864648904,1
3,0.0832267055908839,0.0003,1.49,0.03706074133515358,27.352245330129353,1
4,0.08571483795013693,0.00029977222746499727,1.5,0.035662584006786346,26.391267096655714,1
5,0.07648165027300517,0.00029908960159769223,1.52,0.013369118794798851,13.819424678257533,1
6,0.05916189133293099,0.00029795419551040817,1.64,0.006988812237977982,9.133669978550502,1
7,0.04510443160931269,0.00029636945739411504,1.53,0.007534398231655359,9.345036359514507,1
8,0.04382804946766959,0.00029434020004638715,1.52,0.010412300005555153,11.28552887235369,1
9,0.040903588860399194,0.0002918725862550948,1.54,0.013098865747451782,12.995067304883682,1
10,0.03477115318593052,0.0002889741100822199,1.55,0.014181566424667835,13.574997697557722,1
11,0.03453083258743087,0.00028565357410463636,1.51,0.01995532587170601,16.806575514929634,1
12,0.03649385330370731,0.000281921062680973,1.5,0.028838088735938072,21.798795108795165,1
13,0.03331602199210061,0.00027778791132574874,1.51,0.02732023037970066,21.1448243863242,1
14,0.03516173114379247,0.0002732666722837864,1.48,0.02981032058596611,22.506303133283343,1
15,0.031108108970026176,0.0002683710764094586,1.5,0.03096613474190235,23.319199955804006,1
16,0.03276084322068426,0.00026311599146653405,1.58,0.029433267191052437,23.07986659186227,1
61,0.09219461617370446,0.00010999999999999996,1.5,0.045367516577243805,30.803222746167858,2
62,0.07718690733114879,0.00020499999999999994,1.5,0.05826547369360924,38.21015288829803,2
63,0.08300307620730665,0.0003,1.52,0.051128171384334564,35.134035998071944,2
64,0.08177609431246917,0.00029977222746499727,1.5,0.03131122142076492,24.987699136052814,2
65,0.05670981957680649,0.00029908960159769223,1.52,0.00961580965667963,12.24259422847203,2
66,0.04565308750089672,0.00029795419551040817,1.49,0.019155431538820267,17.337123125025204,2
67,0.04670449149691396,0.00029636945739411504,1.5,0.030001197010278702,23.877325870309555,2
68,0.04291983135044575,0.00029434020004638715,1.51,0.027474800124764442,22.502484317507065,2
69,0.042708226893511086,0.0002918725862550948,1.5,0.023795511573553085,20.469150145394458,2
70,0.03274561816619502,0.0002889741100822199,1.5,0.022895434871315956,19.91285442352295,2
71,0.033989528814951576,0.00028565357410463636,1.51,0.019935041666030884,18.103245827811104,2
72,0.029419469077967934,0.000281921062680973,1.48,0.024081427603960037,20.233266139711652,2
73,0.02428655864463912,0.00027778791132574874,1.49,0.026900311931967735,21.80958008084978,2
74,0.024392648186120722,0.0002732666722837864,1.5,0.03154896944761276,24.35346841948373,2
75,0.02560206978685326,0.0002683710764094586,1.5,0.03492574021220207,26.15545727866036,2
121,0.11110042780637741,0.00010999999999999996,1.47,0.15022540092468262,85.1127004377757,3
122,0.08371041135655509,0.00020499999999999994,1.5,0.1389467865228653,79.47338732855663,3
123,0.08342553985615571,0.0003,1.56,0.06643084436655045,43.14673061660358,3
124,0.07839353858596748,0.00029977222746499727,1.48,0.016319429501891136,16.574942004084587,3
125,0.07455142752991782,0.00029908960159769223,1.48,0.01826326735317707,16.744721365315574,3
126,0.06031959638413456,0.00029795419551040817,1.49,0.02979457564651966,23.109740554264615,3
127,0.04520381956050793,0.00029636945739411504,1.57,0.03823721781373024,27.925468132836478,3
128,0.039140103488332696,0.00029434020004638715,1.5,0.034793611615896225,25.553892619269238,3
129,0.04162109788093302,0.0002918725862550948,1.49,0.0299471877515316,23.108374325888494,3
130,0.03517922738360034,0.0002889741100822199,1.5,0.028805632144212723,22.865863560267854,3
131,0.04111643176939753,0.00028565357410463636,1.5,0.025524083524942398,20.734558563913616,3
132,0.0296487949995531,0.000281921062680973,1.49,0.021413831040263176,18.463636606761384,3
133,0.03144317761891418,0.00027778791132574874,1.48,0.019414499402046204,17.09892925671169,3
134,0.023898433583478134,0.0002732666722837864,1.47,0.01995517872273922,17.78913360595703,3
181,0.153182502835989,0.00010999999999999996,1.49,0.17590907216072083,97.95454138801566,4
182,0.10591128427121374,0.00020499999999999994,1.48,0.1502874344587326,85.14371958845429,4
183,0.08793063979181978,0.0003,1.49,0.08170671761035919,50.85137994153159,4
184,0.06515487873305877,0.00029977222746499727,1.5,0.019091201946139336,17.145176187923976,4
185,0.0530274814615647,0.00029908960159769223,1.52,0.015463655814528465,14.691604430845805,4
186,0.04766531464540296,0.00029795419551040817,1.53,0.01747002638876438,16.820887017931256,4
187,0.045473476147486105,0.00029636945739411504,1.51,0.014012451283633709,14.781894823483059,4
188,0.04009961347199149,0.00029434020004638715,1.52,0.012770744040608406,14.104240507057735,4
189,0.037589790092574224,0.0002918725862550948,1.49,0.014010654762387276,14.980928706441606,4
190,0.038766311585075326,0.0002889741100822199,1.47,0.015659896656870842,16.02969827788217,4
191,0.04021341022517946,0.00028565357410463636,1.54,0.018444372341036797,17.390053281784056,4
192,0.031232683919370174,0.000281921062680973,1.54,0.02528219111263752,21.06300246919904,4
193,0.03151828019569317,0.00027778791132574874,1.54,0.028720993548631668,22.874337201799666,4
194,0.02644151619945963,0.0002732666722837864,1.53,0.033389270305633545,25.329930855887277,4
195,0.03078322604091631,0.0002683710764094586,1.52,0.03062301315367222,23.7509946332659,4
196,0.028416507127177384,0.00026311599146653405,1.52,0.029275383800268173,23.002968875340052,4
197,0.02919804806717568,0.0002575173769752673,1.53,0.034166138619184494,25.513332508632114,4
198,0.026252598501741886,0.0002515922357438608,1.53,0.04091835767030716,29.067473248073036,4
241,0.07673431974318293,0.00010999999999999996,1.53,0.038726650178432465,26.493724953787673,5
242,0.07012204411956999,0.00020499999999999994,1.52,0.054298873990774155,36.35765158687319,5
243,0.08443863689899445,0.0003,1.53,0.020926447585225105,17.628123643057688,5
244,0.06848179135057661,0.00029977222746499727,1.48,0.012880408205091953,13.436789790221624,5
245,0.055865139390031494,0.00029908960159769223,1.48,0.0143339354544878,13.852028905323575,5
246,0.04967196616861555,0.00029795419551040817,1.49,0.011846375651657581,12.448751588548934,5
247,0.03694624971184465,0.00029636945739411504,1.51,0.01379520446062088,13.556241159439086,5
248,0.0345406663707561,0.00029434020004638715,1.48,0.015405228361487389,14.628178082874843,5
249,0.032561492174863815,0.0002918725862550948,1.5,0.014997375197708607,14.56062276295253,5
250,0.03043323786308368,0.0002889741100822199,1.5,0.016912806779146194,15.594534783363342,5
251,0.028340856596413586,0.00028565357410463636,1.49,0.014555973000824451,14.359152367455618,5
252,0.02838846394378278,0.000281921062680973,1.47,0.016913680359721184,15.877407891409735,5
253,0.030085795196808048,0.00027778791132574874,1.49,0.022325322031974792,19.027341451644897,5
254,0.026413106876942847,0.0002732666722837864,1.56,0.02066725306212902,18.03251834324428,5
255,0.026426366426878505,0.0002683710764094586,1.53,0.019421126693487167,17.373807949338637,5
256,0.032611215176681675,0.00026311599146653405,1.52,0.021166473627090454,18.62865706580026,5
